Gene ID,source_id,Organism,Genomic Location (Gene),Product Description,Molecular Weight,Chromosome,PFam ID,Protein Length,Ortholog count,Paralog count,PFam Description,CDD ID,Gene3D ID,Hamap ID,NCBIfam ID,PANTHER ID,PRINTS ID,SFLD ID,CDD Description,Gene3D Description,Hamap Description,NCBIfam Description,PANTHER Description,PRINTS Description,SFLD Description,PirSF ID,PirSF Description,Prositefamilies ID,Prositefamilies Description,Smart ID,Smart Description,Superfamily ID,Superfamily Description,InterPro ID,InterPro Description,Computed GO Component IDs,Computed GO Components,Computed GO Function IDs,Computed GO Functions,Computed GO Process IDs,Computed GO Processes,Curated GO Component IDs,Curated GO Components,Curated GO Function IDs,Curated GO Functions,Curated GO Process IDs,Curated GO Processes,EC numbers,EC numbers from OrthoMCL,Is_Hypothetical,Has_Conventional_Evidence,Annotation_Poor
B9J08_000125,B9J08_000125-t37_1,Candida auris strain B8441,"PEKT02000001:273,182..273,252(-)",tRNA-Gly,,Not Assigned,,,,,,,,,,,,,,,,,,,,,,,,,,,,,,,,,,,,,,,,,,,,False,False,False
B9J08_000126,B9J08_000126-t37_1,Candida auris strain B8441,"PEKT02000001:273,264..273,335(-)",tRNA-Asp,,Not Assigned,,,,,,,,,,,,,,,,,,,,,,,,,,,,,,,,,,,,,,,,,,,,False,False,False
B9J08_000167,B9J08_000167-t37_1,Candida auris strain B8441,"PEKT02000001:357,700..357,772(-)",tRNA-Thr,,Not Assigned,,,,,,,,,,,,,,,,,,,,,,,,,,,,,,,,,,,,,,,,,,,,False,False,False
B9J08_000191,B9J08_000191-t37_1,Candida auris strain B8441,"PEKT02000001:412,194..412,265(+)",tRNA-Glu,,Not Assigned,,,,,,,,,,,,,,,,,,,,,,,,,,,,,,,,,,,,,,,,,,,,False,False,False
B9J08_000212,B9J08_000212-t37_1,Candida auris strain B8441,"PEKT02000001:459,691..459,762(+)",tRNA-Thr,,Not Assigned,,,,,,,,,,,,,,,,,,,,,,,,,,,,,,,,,,,,,,,,,,,,False,False,False
B9J08_000218,B9J08_000218-t37_1,Candida auris strain B8441,"PEKT02000001:469,964..470,034(-)",tRNA-Gly,,Not Assigned,,,,,,,,,,,,,,,,,,,,,,,,,,,,,,,,,,,,,,,,,,,,False,False,False
B9J08_000219,B9J08_000219-t37_1,Candida auris strain B8441,"PEKT02000001:470,047..470,118(-)",tRNA-Asp,,Not Assigned,,,,,,,,,,,,,,,,,,,,,,,,,,,,,,,,,,,,,,,,,,,,False,False,False
B9J08_000265,B9J08_000265-t37_1,Candida auris strain B8441,"PEKT02000001:551,323..551,439(-)",5S ribosomal RNA,,Not Assigned,,,,,,,,,,,,,,,,,,,,,,,,,,,,,,,,,,,,,,,,,,,,False,False,False
B9J08_000304,B9J08_000304-t37_1,Candida auris strain B8441,"PEKT02000001:619,444..619,516(+)",tRNA-Arg,,Not Assigned,,,,,,,,,,,,,,,,,,,,,,,,,,,,,,,,,,,,,,,,,,,,False,False,False
B9J08_000305,B9J08_000305-t37_1,Candida auris strain B8441,"PEKT02000001:619,521..619,593(+)",tRNA-Phe,,Not Assigned,,,,,,,,,,,,,,,,,,,,,,,,,,,,,,,,,,,,,,,,,,,,False,False,False
B9J08_000318,B9J08_000318-t37_1,Candida auris strain B8441,"PEKT02000001:645,302..645,389(-)",tRNA-Lys,,Not Assigned,,,,,,,,,,,,,,,,,,,,,,,,,,,,,,,,,,,,,,,,,,,,False,False,False
B9J08_000386,B9J08_000386-t37_1,Candida auris strain B8441,"PEKT02000001:788,231..788,303(-)",tRNA-Thr,,Not Assigned,,,,,,,,,,,,,,,,,,,,,,,,,,,,,,,,,,,,,,,,,,,,False,False,False
B9J08_000387,B9J08_000387-t37_1,Candida auris strain B8441,"PEKT02000001:789,097..789,184(-)",tRNA-Lys,,Not Assigned,,,,,,,,,,,,,,,,,,,,,,,,,,,,,,,,,,,,,,,,,,,,False,False,False
B9J08_000416,B9J08_000416-t37_1,Candida auris strain B8441,"PEKT02000001:847,990..848,071(-)",tRNA-Leu,,Not Assigned,,,,,,,,,,,,,,,,,,,,,,,,,,,,,,,,,,,,,,,,,,,,False,False,False
B9J08_000426,B9J08_000426-t37_1,Candida auris strain B8441,"PEKT02000001:883,172..883,245(+)",tRNA-Val,,Not Assigned,,,,,,,,,,,,,,,,,,,,,,,,,,,,,,,,,,,,,,,,,,,,False,False,False
B9J08_000453,B9J08_000453-t37_1,Candida auris strain B8441,"PEKT02000001:964,273..964,354(+)",tRNA-Leu,,Not Assigned,,,,,,,,,,,,,,,,,,,,,,,,,,,,,,,,,,,,,,,,,,,,False,False,False
B9J08_000455,B9J08_000455-t37_1,Candida auris strain B8441,"PEKT02000001:966,953..967,024(-)",tRNA-Glu,,Not Assigned,,,,,,,,,,,,,,,,,,,,,,,,,,,,,,,,,,,,,,,,,,,,False,False,False
B9J08_000470,B9J08_000470-t37_1,Candida auris strain B8441,"PEKT02000001:997,381..997,453(-)",tRNA-Lys,,Not Assigned,,,,,,,,,,,,,,,,,,,,,,,,,,,,,,,,,,,,,,,,,,,,False,False,False
B9J08_000477,B9J08_000477-t37_1,Candida auris strain B8441,"PEKT02000001:1,016,209..1,016,279(+)",tRNA-Gln,,Not Assigned,,,,,,,,,,,,,,,,,,,,,,,,,,,,,,,,,,,,,,,,,,,,False,False,False
B9J08_000564,B9J08_000564-t37_1,Candida auris strain B8441,"PEKT02000002:126,999..127,075(-)",tRNA-Asn,,Not Assigned,,,,,,,,,,,,,,,,,,,,,,,,,,,,,,,,,,,,,,,,,,,,False,False,False
B9J08_000585,B9J08_000585-t37_1,Candida auris strain B8441,"PEKT02000002:167,106..167,178(-)",tRNA-Thr,,Not Assigned,,,,,,,,,,,,,,,,,,,,,,,,,,,,,,,,,,,,,,,,,,,,False,False,False
B9J08_000641,B9J08_000641-t37_1,Candida auris strain B8441,"PEKT02000002:286,357..286,428(+)",tRNA-Gly,,Not Assigned,,,,,,,,,,,,,,,,,,,,,,,,,,,,,,,,,,,,,,,,,,,,False,False,False
B9J08_000655,B9J08_000655-t37_1,Candida auris strain B8441,"PEKT02000002:310,370..310,451(-)",tRNA-Ser,,Not Assigned,,,,,,,,,,,,,,,,,,,,,,,,,,,,,,,,,,,,,,,,,,,,False,False,False
B9J08_000723,B9J08_000723-t37_1,Candida auris strain B8441,"PEKT02000002:468,064..468,135(+)",tRNA-Glu,,Not Assigned,,,,,,,,,,,,,,,,,,,,,,,,,,,,,,,,,,,,,,,,,,,,False,False,False
B9J08_000744,B9J08_000744-t37_1,Candida auris strain B8441,"PEKT02000002:516,380..516,450(-)",tRNA-Gly,,Not Assigned,,,,,,,,,,,,,,,,,,,,,,,,,,,,,,,,,,,,,,,,,,,,False,False,False
B9J08_000745,B9J08_000745-t37_1,Candida auris strain B8441,"PEKT02000002:516,460..516,531(-)",tRNA-Thr,,Not Assigned,,,,,,,,,,,,,,,,,,,,,,,,,,,,,,,,,,,,,,,,,,,,False,False,False
B9J08_000763,B9J08_000763-t37_1,Candida auris strain B8441,"PEKT02000002:554,086..554,158(-)",tRNA-Thr,,Not Assigned,,,,,,,,,,,,,,,,,,,,,,,,,,,,,,,,,,,,,,,,,,,,False,False,False
B9J08_000832,B9J08_000832-t37_1,Candida auris strain B8441,"PEKT02000002:717,615..717,687(-)",tRNA-Thr,,Not Assigned,,,,,,,,,,,,,,,,,,,,,,,,,,,,,,,,,,,,,,,,,,,,False,False,False
B9J08_000833,B9J08_000833-t37_1,Candida auris strain B8441,"PEKT02000002:717,697..717,780(-)",tRNA-Tyr,,Not Assigned,,,,,,,,,,,,,,,,,,,,,,,,,,,,,,,,,,,,,,,,,,,,False,False,False
B9J08_000851,B9J08_000851-t37_1,Candida auris strain B8441,"PEKT02000002:757,437..757,510(+)",tRNA-Val,,Not Assigned,,,,,,,,,,,,,,,,,,,,,,,,,,,,,,,,,,,,,,,,,,,,False,False,False
B9J08_000893,B9J08_000893-t37_1,Candida auris strain B8441,"PEKT02000002:840,116..840,199(+)",tRNA-Tyr,,Not Assigned,,,,,,,,,,,,,,,,,,,,,,,,,,,,,,,,,,,,,,,,,,,,False,False,False
B9J08_000956,B9J08_000956-t37_1,Candida auris strain B8441,"PEKT02000002:988,335..988,408(-)",tRNA-Arg,,Not Assigned,,,,,,,,,,,,,,,,,,,,,,,,,,,,,,,,,,,,,,,,,,,,False,False,False
B9J08_000991,B9J08_000991-t37_1,Candida auris strain B8441,"PEKT02000002:1,075,975..1,076,046(+)",tRNA-His,,Not Assigned,,,,,,,,,,,,,,,,,,,,,,,,,,,,,,,,,,,,,,,,,,,,False,False,False
B9J08_001055,B9J08_001055-t37_1,Candida auris strain B8441,"PEKT02000002:1,228,987..1,229,104(+)",5S ribosomal RNA,,Not Assigned,,,,,,,,,,,,,,,,,,,,,,,,,,,,,,,,,,,,,,,,,,,,False,False,False
B9J08_001056,B9J08_001056-t37_1,Candida auris strain B8441,"PEKT02000002:1,237,533..1,237,650(+)",5S ribosomal RNA,,Not Assigned,,,,,,,,,,,,,,,,,,,,,,,,,,,,,,,,,,,,,,,,,,,,False,False,False
B9J08_001057,B9J08_001057-t37_1,Candida auris strain B8441,"PEKT02000002:1,246,078..1,246,195(+)",5S ribosomal RNA,,Not Assigned,,,,,,,,,,,,,,,,,,,,,,,,,,,,,,,,,,,,,,,,,,,,False,False,False
B9J08_001058,B9J08_001058-t37_1,Candida auris strain B8441,"PEKT02000002:1,254,624..1,254,741(+)",5S ribosomal RNA,,Not Assigned,,,,,,,,,,,,,,,,,,,,,,,,,,,,,,,,,,,,,,,,,,,,False,False,False
B9J08_001059,B9J08_001059-t37_1,Candida auris strain B8441,"PEKT02000002:1,263,168..1,263,285(+)",5S ribosomal RNA,,Not Assigned,,,,,,,,,,,,,,,,,,,,,,,,,,,,,,,,,,,,,,,,,,,,False,False,False
B9J08_001060,B9J08_001060-t37_1,Candida auris strain B8441,"PEKT02000002:1,271,711..1,271,828(+)",5S ribosomal RNA,,Not Assigned,,,,,,,,,,,,,,,,,,,,,,,,,,,,,,,,,,,,,,,,,,,,False,False,False
B9J08_001061,B9J08_001061-t37_1,Candida auris strain B8441,"PEKT02000002:1,280,205..1,280,322(+)",5S ribosomal RNA,,Not Assigned,,,,,,,,,,,,,,,,,,,,,,,,,,,,,,,,,,,,,,,,,,,,False,False,False
B9J08_001097,B9J08_001097-t37_1,Candida auris strain B8441,"PEKT02000003:73,371..73,457(+)",tRNA-Lys,,Not Assigned,,,,,,,,,,,,,,,,,,,,,,,,,,,,,,,,,,,,,,,,,,,,False,False,False
B9J08_001154,B9J08_001154-t37_1,Candida auris strain B8441,"PEKT02000003:192,157..192,243(-)",tRNA-Leu,,Not Assigned,,,,,,,,,,,,,,,,,,,,,,,,,,,,,,,,,,,,,,,,,,,,False,False,False
B9J08_001212,B9J08_001212-t37_1,Candida auris strain B8441,"PEKT02000003:312,807..312,894(-)",tRNA-Met,,Not Assigned,,,,,,,,,,,,,,,,,,,,,,,,,,,,,,,,,,,,,,,,,,,,False,False,False
B9J08_001233,B9J08_001233-t37_1,Candida auris strain B8441,"PEKT02000003:359,812..359,885(+)",tRNA-Val,,Not Assigned,,,,,,,,,,,,,,,,,,,,,,,,,,,,,,,,,,,,,,,,,,,,False,False,False
B9J08_001310,B9J08_001310-t37_1,Candida auris strain B8441,"PEKT02000003:538,541..538,635(-)",tRNA-OTHER,,Not Assigned,,,,,,,,,,,,,,,,,,,,,,,,,,,,,,,,,,,,,,,,,,,,False,False,False
B9J08_001326,B9J08_001326-t37_1,Candida auris strain B8441,"PEKT02000003:575,167..575,248(-)",tRNA-Leu,,Not Assigned,,,,,,,,,,,,,,,,,,,,,,,,,,,,,,,,,,,,,,,,,,,,False,False,False
B9J08_001327,B9J08_001327-t37_1,Candida auris strain B8441,"PEKT02000003:576,503..576,575(+)",tRNA-Phe,,Not Assigned,,,,,,,,,,,,,,,,,,,,,,,,,,,,,,,,,,,,,,,,,,,,False,False,False
B9J08_001333,B9J08_001333-t37_1,Candida auris strain B8441,"PEKT02000003:586,349..586,421(-)",tRNA-Ala,,Not Assigned,,,,,,,,,,,,,,,,,,,,,,,,,,,,,,,,,,,,,,,,,,,,False,False,False
B9J08_001334,B9J08_001334-t37_1,Candida auris strain B8441,"PEKT02000003:588,488..588,561(+)",tRNA-Val,,Not Assigned,,,,,,,,,,,,,,,,,,,,,,,,,,,,,,,,,,,,,,,,,,,,False,False,False
B9J08_001395,B9J08_001395-t37_1,Candida auris strain B8441,"PEKT02000003:725,076..725,147(+)",tRNA-Trp,,Not Assigned,,,,,,,,,,,,,,,,,,,,,,,,,,,,,,,,,,,,,,,,,,,,False,False,False
B9J08_001488,B9J08_001488-t37_1,Candida auris strain B8441,"PEKT02000003:944,390..944,461(-)",tRNA-Met,,Not Assigned,,,,,,,,,,,,,,,,,,,,,,,,,,,,,,,,,,,,,,,,,,,,False,False,False
B9J08_001504,B9J08_001504-t37_1,Candida auris strain B8441,"PEKT02000003:980,395..980,467(+)",tRNA-Arg,,Not Assigned,,,,,,,,,,,,,,,,,,,,,,,,,,,,,,,,,,,,,,,,,,,,False,False,False
B9J08_001505,B9J08_001505-t37_1,Candida auris strain B8441,"PEKT02000003:980,475..980,547(+)",tRNA-Phe,,Not Assigned,,,,,,,,,,,,,,,,,,,,,,,,,,,,,,,,,,,,,,,,,,,,False,False,False
B9J08_001628,B9J08_001628-t37_1,Candida auris strain B8441,"PEKT02000004:223,194..223,278(+)",tRNA-Leu,,Not Assigned,,,,,,,,,,,,,,,,,,,,,,,,,,,,,,,,,,,,,,,,,,,,False,False,False
B9J08_001629,B9J08_001629-t37_1,Candida auris strain B8441,"PEKT02000004:223,469..223,541(+)",tRNA-Lys,,Not Assigned,,,,,,,,,,,,,,,,,,,,,,,,,,,,,,,,,,,,,,,,,,,,False,False,False
B9J08_001661,B9J08_001661-t37_1,Candida auris strain B8441,"PEKT02000004:279,279..279,350(+)",tRNA-Asp,,Not Assigned,,,,,,,,,,,,,,,,,,,,,,,,,,,,,,,,,,,,,,,,,,,,False,False,False
B9J08_001662,B9J08_001662-t37_1,Candida auris strain B8441,"PEKT02000004:279,363..279,433(+)",tRNA-Gly,,Not Assigned,,,,,,,,,,,,,,,,,,,,,,,,,,,,,,,,,,,,,,,,,,,,False,False,False
B9J08_001794,B9J08_001794-t37_1,Candida auris strain B8441,"PEKT02000004:570,887..570,968(+)",tRNA-Ser,,Not Assigned,,,,,,,,,,,,,,,,,,,,,,,,,,,,,,,,,,,,,,,,,,,,False,False,False
B9J08_001886,B9J08_001886-t37_1,Candida auris strain B8441,"PEKT02000004:741,020..741,093(+)",tRNA-Asn,,Not Assigned,,,,,,,,,,,,,,,,,,,,,,,,,,,,,,,,,,,,,,,,,,,,False,False,False
B9J08_001947,B9J08_001947-t37_1,Candida auris strain B8441,"PEKT02000005:7,927..8,044(-)",5S ribosomal RNA,,Not Assigned,,,,,,,,,,,,,,,,,,,,,,,,,,,,,,,,,,,,,,,,,,,,False,False,False
B9J08_001953,B9J08_001953-t37_1,Candida auris strain B8441,"PEKT02000005:27,861..27,932(+)",tRNA-Asp,,Not Assigned,,,,,,,,,,,,,,,,,,,,,,,,,,,,,,,,,,,,,,,,,,,,False,False,False
B9J08_001982,B9J08_001982-t37_1,Candida auris strain B8441,"PEKT02000005:86,922..87,014(-)",tRNA-Ser,,Not Assigned,,,,,,,,,,,,,,,,,,,,,,,,,,,,,,,,,,,,,,,,,,,,False,False,False
B9J08_001983,B9J08_001983-t37_1,Candida auris strain B8441,"PEKT02000005:88,440..88,521(-)",tRNA-Leu,,Not Assigned,,,,,,,,,,,,,,,,,,,,,,,,,,,,,,,,,,,,,,,,,,,,False,False,False
B9J08_001990,B9J08_001990-t37_1,Candida auris strain B8441,"PEKT02000005:105,277..105,361(+)",tRNA-Leu,,Not Assigned,,,,,,,,,,,,,,,,,,,,,,,,,,,,,,,,,,,,,,,,,,,,False,False,False
B9J08_002045,B9J08_002045-t37_1,Candida auris strain B8441,"PEKT02000005:223,612..223,687(+)",tRNA-Arg,,Not Assigned,,,,,,,,,,,,,,,,,,,,,,,,,,,,,,,,,,,,,,,,,,,,False,False,False
B9J08_002046,B9J08_002046-t37_1,Candida auris strain B8441,"PEKT02000005:223,689..223,761(+)",tRNA-Phe,,Not Assigned,,,,,,,,,,,,,,,,,,,,,,,,,,,,,,,,,,,,,,,,,,,,False,False,False
B9J08_002134,B9J08_002134-t37_1,Candida auris strain B8441,"PEKT02000005:408,033..408,120(+)",tRNA-Lys,,Not Assigned,,,,,,,,,,,,,,,,,,,,,,,,,,,,,,,,,,,,,,,,,,,,False,False,False
B9J08_002320,B9J08_002320-t37_1,Candida auris strain B8441,"PEKT02000006:199,331..199,412(+)",tRNA-Ser,,Not Assigned,,,,,,,,,,,,,,,,,,,,,,,,,,,,,,,,,,,,,,,,,,,,False,False,False
B9J08_002331,B9J08_002331-t37_1,Candida auris strain B8441,"PEKT02000006:224,764..224,839(+)",tRNA-Arg,,Not Assigned,,,,,,,,,,,,,,,,,,,,,,,,,,,,,,,,,,,,,,,,,,,,False,False,False
B9J08_002378,B9J08_002378-t37_1,Candida auris strain B8441,"PEKT02000006:327,490..327,563(+)",tRNA-Val,,Not Assigned,,,,,,,,,,,,,,,,,,,,,,,,,,,,,,,,,,,,,,,,,,,,False,False,False
B9J08_002416,B9J08_002416-t37_1,Candida auris strain B8441,"PEKT02000006:396,712..396,782(+)",tRNA-Gly,,Not Assigned,,,,,,,,,,,,,,,,,,,,,,,,,,,,,,,,,,,,,,,,,,,,False,False,False
B9J08_002418,B9J08_002418-t37_1,Candida auris strain B8441,"PEKT02000006:401,112..401,183(-)",tRNA-Met,,Not Assigned,,,,,,,,,,,,,,,,,,,,,,,,,,,,,,,,,,,,,,,,,,,,False,False,False
B9J08_002516,B9J08_002516-t37_1,Candida auris strain B8441,"PEKT02000006:632,005..632,077(-)",tRNA-Ala,,Not Assigned,,,,,,,,,,,,,,,,,,,,,,,,,,,,,,,,,,,,,,,,,,,,False,False,False
B9J08_002586,B9J08_002586-t37_1,Candida auris strain B8441,"PEKT02000007:2,253..2,324(-)",tRNA-Pro,,Not Assigned,,,,,,,,,,,,,,,,,,,,,,,,,,,,,,,,,,,,,,,,,,,,False,False,False
B9J08_002625,B9J08_002625-t37_1,Candida auris strain B8441,"PEKT02000007:84,595..84,668(-)",tRNA-Val,,Not Assigned,,,,,,,,,,,,,,,,,,,,,,,,,,,,,,,,,,,,,,,,,,,,False,False,False
B9J08_002658,B9J08_002658-t37_1,Candida auris strain B8441,"PEKT02000007:153,406..153,487(+)",tRNA-Ser,,Not Assigned,,,,,,,,,,,,,,,,,,,,,,,,,,,,,,,,,,,,,,,,,,,,False,False,False
B9J08_002700,B9J08_002700-t37_1,Candida auris strain B8441,"PEKT02000007:266,384..266,455(-)",tRNA-His,,Not Assigned,,,,,,,,,,,,,,,,,,,,,,,,,,,,,,,,,,,,,,,,,,,,False,False,False
B9J08_002716,B9J08_002716-t37_1,Candida auris strain B8441,"PEKT02000007:301,705..301,778(+)",tRNA-Ile,,Not Assigned,,,,,,,,,,,,,,,,,,,,,,,,,,,,,,,,,,,,,,,,,,,,False,False,False
B9J08_002812,B9J08_002812-t37_1,Candida auris strain B8441,"PEKT02000007:475,186..475,256(-)",tRNA-Gln,,Not Assigned,,,,,,,,,,,,,,,,,,,,,,,,,,,,,,,,,,,,,,,,,,,,False,False,False
B9J08_002866,B9J08_002866-t37_1,Candida auris strain B8441,"PEKT02000007:608,557..608,629(-)",tRNA-Arg,,Not Assigned,,,,,,,,,,,,,,,,,,,,,,,,,,,,,,,,,,,,,,,,,,,,False,False,False
B9J08_002873,B9J08_002873-t37_1,Candida auris strain B8441,"PEKT02000007:615,627..615,698(+)",tRNA-Asp,,Not Assigned,,,,,,,,,,,,,,,,,,,,,,,,,,,,,,,,,,,,,,,,,,,,False,False,False
B9J08_002880,B9J08_002880-t37_1,Candida auris strain B8441,"PEKT02000007:637,550..637,620(+)",tRNA-Gly,,Not Assigned,,,,,,,,,,,,,,,,,,,,,,,,,,,,,,,,,,,,,,,,,,,,False,False,False
B9J08_002935,B9J08_002935-t37_1,Candida auris strain B8441,"PEKT02000007:737,195..737,267(-)",tRNA-Phe,,Not Assigned,,,,,,,,,,,,,,,,,,,,,,,,,,,,,,,,,,,,,,,,,,,,False,False,False
B9J08_002963,B9J08_002963-t37_1,Candida auris strain B8441,"PEKT02000007:795,164..795,237(+)",tRNA-Ile,,Not Assigned,,,,,,,,,,,,,,,,,,,,,,,,,,,,,,,,,,,,,,,,,,,,False,False,False
B9J08_002964,B9J08_002964-t37_1,Candida auris strain B8441,"PEKT02000007:795,247..795,319(+)",tRNA-Ala,,Not Assigned,,,,,,,,,,,,,,,,,,,,,,,,,,,,,,,,,,,,,,,,,,,,False,False,False
B9J08_003043,B9J08_003043-t37_1,Candida auris strain B8441,"PEKT02000007:938,595..938,678(+)",tRNA-Leu,,Not Assigned,,,,,,,,,,,,,,,,,,,,,,,,,,,,,,,,,,,,,,,,,,,,False,False,False
B9J08_003052,B9J08_003052-t37_1,Candida auris strain B8441,"PEKT02000007:956,277..956,348(-)",tRNA-Glu,,Not Assigned,,,,,,,,,,,,,,,,,,,,,,,,,,,,,,,,,,,,,,,,,,,,False,False,False
B9J08_003061,B9J08_003061-t37_1,Candida auris strain B8441,"PEKT02000007:973,311..973,383(-)",tRNA-Thr,,Not Assigned,,,,,,,,,,,,,,,,,,,,,,,,,,,,,,,,,,,,,,,,,,,,False,False,False
B9J08_003062,B9J08_003062-t37_1,Candida auris strain B8441,"PEKT02000007:973,396..973,481(-)",tRNA-OTHER,,Not Assigned,,,,,,,,,,,,,,,,,,,,,,,,,,,,,,,,,,,,,,,,,,,,False,False,False
B9J08_003064,B9J08_003064-t37_1,Candida auris strain B8441,"PEKT02000007:976,755..976,826(+)",tRNA-Glu,,Not Assigned,,,,,,,,,,,,,,,,,,,,,,,,,,,,,,,,,,,,,,,,,,,,False,False,False
B9J08_003071,B9J08_003071-t37_1,Candida auris strain B8441,"PEKT02000007:991,545..991,616(+)",tRNA-Asp,,Not Assigned,,,,,,,,,,,,,,,,,,,,,,,,,,,,,,,,,,,,,,,,,,,,False,False,False
B9J08_003072,B9J08_003072-t37_1,Candida auris strain B8441,"PEKT02000007:991,628..991,698(+)",tRNA-Gly,,Not Assigned,,,,,,,,,,,,,,,,,,,,,,,,,,,,,,,,,,,,,,,,,,,,False,False,False
B9J08_003096,B9J08_003096-t37_1,Candida auris strain B8441,"PEKT02000007:1,033,448..1,033,520(-)",tRNA-Ala,,Not Assigned,,,,,,,,,,,,,,,,,,,,,,,,,,,,,,,,,,,,,,,,,,,,False,False,False
B9J08_003097,B9J08_003097-t37_1,Candida auris strain B8441,"PEKT02000007:1,033,530..1,033,603(-)",tRNA-Ile,,Not Assigned,,,,,,,,,,,,,,,,,,,,,,,,,,,,,,,,,,,,,,,,,,,,False,False,False
B9J08_003108,B9J08_003108-t37_1,Candida auris strain B8441,"PEKT02000007:1,052,382..1,052,453(+)",tRNA-Glu,,Not Assigned,,,,,,,,,,,,,,,,,,,,,,,,,,,,,,,,,,,,,,,,,,,,False,False,False
B9J08_003160,B9J08_003160-t37_1,Candida auris strain B8441,"PEKT02000007:1,153,384..1,153,465(+)",tRNA-Leu,,Not Assigned,,,,,,,,,,,,,,,,,,,,,,,,,,,,,,,,,,,,,,,,,,,,False,False,False
B9J08_003163,B9J08_003163-t37_1,Candida auris strain B8441,"PEKT02000007:1,157,060..1,157,133(-)",tRNA-Val,,Not Assigned,,,,,,,,,,,,,,,,,,,,,,,,,,,,,,,,,,,,,,,,,,,,False,False,False
B9J08_003164,B9J08_003164-t37_1,Candida auris strain B8441,"PEKT02000007:1,157,292..1,157,365(+)",tRNA-Val,,Not Assigned,,,,,,,,,,,,,,,,,,,,,,,,,,,,,,,,,,,,,,,,,,,,False,False,False
B9J08_003199,B9J08_003199-t37_1,Candida auris strain B8441,"PEKT02000007:1,225,255..1,225,328(-)",tRNA-Asn,,Not Assigned,,,,,,,,,,,,,,,,,,,,,,,,,,,,,,,,,,,,,,,,,,,,False,False,False
B9J08_003221,B9J08_003221-t37_1,Candida auris strain B8441,"PEKT02000007:1,270,586..1,270,658(-)",tRNA-Ala,,Not Assigned,,,,,,,,,,,,,,,,,,,,,,,,,,,,,,,,,,,,,,,,,,,,False,False,False
B9J08_003222,B9J08_003222-t37_1,Candida auris strain B8441,"PEKT02000007:1,271,861..1,271,931(+)",tRNA-Gln,,Not Assigned,,,,,,,,,,,,,,,,,,,,,,,,,,,,,,,,,,,,,,,,,,,,False,False,False
B9J08_003362,B9J08_003362-t37_1,Candida auris strain B8441,"PEKT02000007:1,573,176..1,573,263(+)",tRNA-Lys,,Not Assigned,,,,,,,,,,,,,,,,,,,,,,,,,,,,,,,,,,,,,,,,,,,,False,False,False
B9J08_003363,B9J08_003363-t37_1,Candida auris strain B8441,"PEKT02000007:1,573,398..1,573,487(+)",tRNA-Lys,,Not Assigned,,,,,,,,,,,,,,,,,,,,,,,,,,,,,,,,,,,,,,,,,,,,False,False,False
B9J08_003415,B9J08_003415-t37_1,Candida auris strain B8441,"PEKT02000007:1,687,367..1,687,438(-)",tRNA-Trp,,Not Assigned,,,,,,,,,,,,,,,,,,,,,,,,,,,,,,,,,,,,,,,,,,,,False,False,False
B9J08_003456,B9J08_003456-t37_1,Candida auris strain B8441,"PEKT02000007:1,780,845..1,780,916(-)",tRNA-Cys,,Not Assigned,,,,,,,,,,,,,,,,,,,,,,,,,,,,,,,,,,,,,,,,,,,,False,False,False
B9J08_003472,B9J08_003472-t37_1,Candida auris strain B8441,"PEKT02000007:1,819,714..1,819,785(+)",tRNA-Trp,,Not Assigned,,,,,,,,,,,,,,,,,,,,,,,,,,,,,,,,,,,,,,,,,,,,False,False,False
B9J08_003476,B9J08_003476-t37_1,Candida auris strain B8441,"PEKT02000007:1,826,606..1,826,687(-)",tRNA-Ser,,Not Assigned,,,,,,,,,,,,,,,,,,,,,,,,,,,,,,,,,,,,,,,,,,,,False,False,False
B9J08_003492,B9J08_003492-t37_1,Candida auris strain B8441,"PEKT02000007:1,857,461..1,857,533(-)",tRNA-Thr,,Not Assigned,,,,,,,,,,,,,,,,,,,,,,,,,,,,,,,,,,,,,,,,,,,,False,False,False
B9J08_003493,B9J08_003493-t37_1,Candida auris strain B8441,"PEKT02000007:1,857,543..1,857,616(-)",tRNA-Asn,,Not Assigned,,,,,,,,,,,,,,,,,,,,,,,,,,,,,,,,,,,,,,,,,,,,False,False,False
B9J08_003520,B9J08_003520-t37_1,Candida auris strain B8441,"PEKT02000007:1,913,517..1,913,600(-)",tRNA-Tyr,,Not Assigned,,,,,,,,,,,,,,,,,,,,,,,,,,,,,,,,,,,,,,,,,,,,False,False,False
B9J08_003548,B9J08_003548-t37_1,Candida auris strain B8441,"PEKT02000007:1,959,530..1,959,626(-)",tRNA-Ser,,Not Assigned,,,,,,,,,,,,,,,,,,,,,,,,,,,,,,,,,,,,,,,,,,,,False,False,False
B9J08_003549,B9J08_003549-t37_1,Candida auris strain B8441,"PEKT02000007:1,962,270..1,962,365(-)",tRNA-Ser,,Not Assigned,,,,,,,,,,,,,,,,,,,,,,,,,,,,,,,,,,,,,,,,,,,,False,False,False
B9J08_003565,B9J08_003565-t37_1,Candida auris strain B8441,"PEKT02000007:1,997,015..1,997,087(-)",tRNA-Ala,,Not Assigned,,,,,,,,,,,,,,,,,,,,,,,,,,,,,,,,,,,,,,,,,,,,False,False,False
B9J08_003566,B9J08_003566-t37_1,Candida auris strain B8441,"PEKT02000007:1,997,101..1,997,174(-)",tRNA-Ile,,Not Assigned,,,,,,,,,,,,,,,,,,,,,,,,,,,,,,,,,,,,,,,,,,,,False,False,False
B9J08_003769,B9J08_003769-t37_1,Candida auris strain B8441,"PEKT02000007:2,426,886..2,426,958(-)",tRNA-Ala,,Not Assigned,,,,,,,,,,,,,,,,,,,,,,,,,,,,,,,,,,,,,,,,,,,,False,False,False
B9J08_003770,B9J08_003770-t37_1,Candida auris strain B8441,"PEKT02000007:2,428,326..2,428,399(+)",tRNA-Ile,,Not Assigned,,,,,,,,,,,,,,,,,,,,,,,,,,,,,,,,,,,,,,,,,,,,False,False,False
B9J08_003831,B9J08_003831-t37_1,Candida auris strain B8441,"PEKT02000007:2,584,129..2,584,200(-)",tRNA-Glu,,Not Assigned,,,,,,,,,,,,,,,,,,,,,,,,,,,,,,,,,,,,,,,,,,,,False,False,False
B9J08_003978,B9J08_003978-t37_1,Candida auris strain B8441,"PEKT02000007:2,912,810..2,912,882(-)",tRNA-Arg,,Not Assigned,,,,,,,,,,,,,,,,,,,,,,,,,,,,,,,,,,,,,,,,,,,,False,False,False
B9J08_003994,B9J08_003994-t37_1,Candida auris strain B8441,"PEKT02000007:2,950,253..2,950,324(+)",tRNA-Asp,,Not Assigned,,,,,,,,,,,,,,,,,,,,,,,,,,,,,,,,,,,,,,,,,,,,False,False,False
B9J08_004063,B9J08_004063-t37_1,Candida auris strain B8441,"PEKT02000007:3,097,718..3,097,789(-)",tRNA-His,,Not Assigned,,,,,,,,,,,,,,,,,,,,,,,,,,,,,,,,,,,,,,,,,,,,False,False,False
B9J08_004127,B9J08_004127-t37_1,Candida auris strain B8441,"PEKT02000008:80,089..80,162(+)",tRNA-Ile,,Not Assigned,,,,,,,,,,,,,,,,,,,,,,,,,,,,,,,,,,,,,,,,,,,,False,False,False
B9J08_004128,B9J08_004128-t37_1,Candida auris strain B8441,"PEKT02000008:80,173..80,245(+)",tRNA-Ala,,Not Assigned,,,,,,,,,,,,,,,,,,,,,,,,,,,,,,,,,,,,,,,,,,,,False,False,False
B9J08_004199,B9J08_004199-t37_1,Candida auris strain B8441,"PEKT02000008:279,836..279,906(+)",tRNA-Gly,,Not Assigned,,,,,,,,,,,,,,,,,,,,,,,,,,,,,,,,,,,,,,,,,,,,False,False,False
B9J08_004202,B9J08_004202-t37_1,Candida auris strain B8441,"PEKT02000008:285,781..285,851(-)",tRNA-Gly,,Not Assigned,,,,,,,,,,,,,,,,,,,,,,,,,,,,,,,,,,,,,,,,,,,,False,False,False
B9J08_004203,B9J08_004203-t37_1,Candida auris strain B8441,"PEKT02000008:285,863..285,934(-)",tRNA-Asp,,Not Assigned,,,,,,,,,,,,,,,,,,,,,,,,,,,,,,,,,,,,,,,,,,,,False,False,False
B9J08_004218,B9J08_004218-t37_1,Candida auris strain B8441,"PEKT02000008:316,814..316,886(-)",tRNA-Ala,,Not Assigned,,,,,,,,,,,,,,,,,,,,,,,,,,,,,,,,,,,,,,,,,,,,False,False,False
B9J08_004244,B9J08_004244-t37_1,Candida auris strain B8441,"PEKT02000008:375,649..375,730(+)",tRNA-Ser,,Not Assigned,,,,,,,,,,,,,,,,,,,,,,,,,,,,,,,,,,,,,,,,,,,,False,False,False
B9J08_004250,B9J08_004250-t37_1,Candida auris strain B8441,"PEKT02000008:390,663..390,745(+)",tRNA-Lys,,Not Assigned,,,,,,,,,,,,,,,,,,,,,,,,,,,,,,,,,,,,,,,,,,,,False,False,False
B9J08_004255,B9J08_004255-t37_1,Candida auris strain B8441,"PEKT02000008:403,633..403,714(-)",tRNA-Ser,,Not Assigned,,,,,,,,,,,,,,,,,,,,,,,,,,,,,,,,,,,,,,,,,,,,False,False,False
B9J08_004280,B9J08_004280-t37_1,Candida auris strain B8441,"PEKT02000008:458,960..459,032(-)",tRNA-Phe,,Not Assigned,,,,,,,,,,,,,,,,,,,,,,,,,,,,,,,,,,,,,,,,,,,,False,False,False
B9J08_004281,B9J08_004281-t37_1,Candida auris strain B8441,"PEKT02000008:459,037..459,109(-)",tRNA-Arg,,Not Assigned,,,,,,,,,,,,,,,,,,,,,,,,,,,,,,,,,,,,,,,,,,,,False,False,False
B9J08_004293,B9J08_004293-t37_1,Candida auris strain B8441,"PEKT02000008:487,718..487,813(+)",tRNA-Ser,,Not Assigned,,,,,,,,,,,,,,,,,,,,,,,,,,,,,,,,,,,,,,,,,,,,False,False,False
B9J08_004312,B9J08_004312-t37_1,Candida auris strain B8441,"PEKT02000008:537,974..538,044(-)",tRNA-Gly,,Not Assigned,,,,,,,,,,,,,,,,,,,,,,,,,,,,,,,,,,,,,,,,,,,,False,False,False
B9J08_004313,B9J08_004313-t37_1,Candida auris strain B8441,"PEKT02000008:538,056..538,127(-)",tRNA-Asp,,Not Assigned,,,,,,,,,,,,,,,,,,,,,,,,,,,,,,,,,,,,,,,,,,,,False,False,False
B9J08_004342,B9J08_004342-t37_1,Candida auris strain B8441,"PEKT02000008:603,306..603,377(+)",tRNA-Gln,,Not Assigned,,,,,,,,,,,,,,,,,,,,,,,,,,,,,,,,,,,,,,,,,,,,False,False,False
B9J08_004470,B9J08_004470-t37_1,Candida auris strain B8441,"PEKT02000009:6,031..6,148(-)",5S ribosomal RNA,,Not Assigned,,,,,,,,,,,,,,,,,,,,,,,,,,,,,,,,,,,,,,,,,,,,False,False,False
B9J08_004563,B9J08_004563-t37_1,Candida auris strain B8441,"PEKT02000009:240,867..240,938(+)",tRNA-His,,Not Assigned,,,,,,,,,,,,,,,,,,,,,,,,,,,,,,,,,,,,,,,,,,,,False,False,False
B9J08_004664,B9J08_004664-t37_1,Candida auris strain B8441,"PEKT02000009:475,256..475,327(+)",tRNA-Thr,,Not Assigned,,,,,,,,,,,,,,,,,,,,,,,,,,,,,,,,,,,,,,,,,,,,False,False,False
B9J08_004713,B9J08_004713-t37_1,Candida auris strain B8441,"PEKT02000009:572,529..572,602(-)",tRNA-Val,,Not Assigned,,,,,,,,,,,,,,,,,,,,,,,,,,,,,,,,,,,,,,,,,,,,False,False,False
B9J08_004724,B9J08_004724-t37_1,Candida auris strain B8441,"PEKT02000009:593,738..593,810(+)",tRNA-Met,,Not Assigned,,,,,,,,,,,,,,,,,,,,,,,,,,,,,,,,,,,,,,,,,,,,False,False,False
B9J08_004901,B9J08_004901-t37_1,Candida auris strain B8441,"PEKT02000010:18,508..18,579(+)",tRNA-Gln,,Not Assigned,,,,,,,,,,,,,,,,,,,,,,,,,,,,,,,,,,,,,,,,,,,,False,False,False
B9J08_004915,B9J08_004915-t37_1,Candida auris strain B8441,"PEKT02000010:57,171..57,243(-)",tRNA-Lys,,Not Assigned,,,,,,,,,,,,,,,,,,,,,,,,,,,,,,,,,,,,,,,,,,,,False,False,False
B9J08_004981,B9J08_004981-t37_1,Candida auris strain B8441,"PEKT02000010:192,008..192,079(+)",tRNA-Glu,,Not Assigned,,,,,,,,,,,,,,,,,,,,,,,,,,,,,,,,,,,,,,,,,,,,False,False,False
B9J08_004994,B9J08_004994-t37_1,Candida auris strain B8441,"PEKT02000010:222,062..222,133(+)",tRNA-Glu,,Not Assigned,,,,,,,,,,,,,,,,,,,,,,,,,,,,,,,,,,,,,,,,,,,,False,False,False
B9J08_004995,B9J08_004995-t37_1,Candida auris strain B8441,"PEKT02000010:223,342..223,416(-)",tRNA-Glu,,Not Assigned,,,,,,,,,,,,,,,,,,,,,,,,,,,,,,,,,,,,,,,,,,,,False,False,False
B9J08_004996,B9J08_004996-t37_1,Candida auris strain B8441,"PEKT02000010:225,286..225,359(+)",tRNA-Ile,,Not Assigned,,,,,,,,,,,,,,,,,,,,,,,,,,,,,,,,,,,,,,,,,,,,False,False,False
B9J08_004997,B9J08_004997-t37_1,Candida auris strain B8441,"PEKT02000010:225,370..225,442(+)",tRNA-Ala,,Not Assigned,,,,,,,,,,,,,,,,,,,,,,,,,,,,,,,,,,,,,,,,,,,,False,False,False
B9J08_005079,B9J08_005079-t37_1,Candida auris strain B8441,"PEKT02000010:402,849..402,930(+)",tRNA-Leu,,Not Assigned,,,,,,,,,,,,,,,,,,,,,,,,,,,,,,,,,,,,,,,,,,,,False,False,False
B9J08_005091,B9J08_005091-t37_1,Candida auris strain B8441,"PEKT02000010:425,474..425,545(-)",tRNA-Trp,,Not Assigned,,,,,,,,,,,,,,,,,,,,,,,,,,,,,,,,,,,,,,,,,,,,False,False,False
B9J08_005111,B9J08_005111-t37_1,Candida auris strain B8441,"PEKT02000010:469,597..469,668(+)",tRNA-Cys,,Not Assigned,,,,,,,,,,,,,,,,,,,,,,,,,,,,,,,,,,,,,,,,,,,,False,False,False
B9J08_005180,B9J08_005180-t37_1,Candida auris strain B8441,"PEKT02000010:600,632..600,705(+)",tRNA-Asn,,Not Assigned,,,,,,,,,,,,,,,,,,,,,,,,,,,,,,,,,,,,,,,,,,,,False,False,False
B9J08_005254,B9J08_005254-t37_1,Candida auris strain B8441,"PEKT02000010:770,635..770,705(-)",tRNA-Gly,,Not Assigned,,,,,,,,,,,,,,,,,,,,,,,,,,,,,,,,,,,,,,,,,,,,False,False,False
B9J08_005276,B9J08_005276-t37_1,Candida auris strain B8441,"PEKT02000010:826,368..826,451(-)",tRNA-Tyr,,Not Assigned,,,,,,,,,,,,,,,,,,,,,,,,,,,,,,,,,,,,,,,,,,,,False,False,False
B9J08_005286,B9J08_005286-t37_1,Candida auris strain B8441,"PEKT02000010:844,305..844,376(-)",tRNA-Cys,,Not Assigned,,,,,,,,,,,,,,,,,,,,,,,,,,,,,,,,,,,,,,,,,,,,False,False,False
B9J08_005290,B9J08_005290-t37_1,Candida auris strain B8441,"PEKT02000010:851,875..851,948(-)",tRNA-Val,,Not Assigned,,,,,,,,,,,,,,,,,,,,,,,,,,,,,,,,,,,,,,,,,,,,False,False,False
B9J08_005316,B9J08_005316-t37_1,Candida auris strain B8441,"PEKT02000010:906,386..906,458(+)",tRNA-Arg,,Not Assigned,,,,,,,,,,,,,,,,,,,,,,,,,,,,,,,,,,,,,,,,,,,,False,False,False
B9J08_005318,B9J08_005318-t37_1,Candida auris strain B8441,"PEKT02000010:914,047..914,140(+)",tRNA-Ser,,Not Assigned,,,,,,,,,,,,,,,,,,,,,,,,,,,,,,,,,,,,,,,,,,,,False,False,False
B9J08_005342,B9J08_005342-t37_1,Candida auris strain B8441,"PEKT02000010:966,142..966,213(-)",tRNA-Gly,,Not Assigned,,,,,,,,,,,,,,,,,,,,,,,,,,,,,,,,,,,,,,,,,,,,False,False,False
B9J08_005374,B9J08_005374-t37_1,Candida auris strain B8441,"PEKT02000010:1,037,174..1,037,246(+)",tRNA-Ala,,Not Assigned,,,,,,,,,,,,,,,,,,,,,,,,,,,,,,,,,,,,,,,,,,,,False,False,False
B9J08_005466,B9J08_005466-t37_1,Candida auris strain B8441,"PEKT02000010:1,257,809..1,257,880(-)",tRNA-Met,,Not Assigned,,,,,,,,,,,,,,,,,,,,,,,,,,,,,,,,,,,,,,,,,,,,False,False,False
B9J08_005475,B9J08_005475-t37_1,Candida auris strain B8441,"PEKT02000010:1,271,520..1,271,590(+)",tRNA-Gln,,Not Assigned,,,,,,,,,,,,,,,,,,,,,,,,,,,,,,,,,,,,,,,,,,,,False,False,False
B9J08_005495,B9J08_005495-t37_1,Candida auris strain B8441,"PEKT02000010:1,311,099..1,311,186(+)",tRNA-Met,,Not Assigned,,,,,,,,,,,,,,,,,,,,,,,,,,,,,,,,,,,,,,,,,,,,False,False,False
B9J08_005532,B9J08_005532-t37_1,Candida auris strain B8441,"PEKT02000010:1,392,758..1,392,830(-)",tRNA-Ala,,Not Assigned,,,,,,,,,,,,,,,,,,,,,,,,,,,,,,,,,,,,,,,,,,,,False,False,False
B9J08_005533,B9J08_005533-t37_1,Candida auris strain B8441,"PEKT02000010:1,392,841..1,392,914(-)",tRNA-Ile,,Not Assigned,,,,,,,,,,,,,,,,,,,,,,,,,,,,,,,,,,,,,,,,,,,,False,False,False
B9J08_005549,B9J08_005549-t37_1,Candida auris strain B8441,"PEKT02000012:10,302..10,377(+)",tRNA-OTHER,,Not Assigned,,,,,,,,,,,,,,,,,,,,,,,,,,,,,,,,,,,,,,,,,,,,False,False,False
B9J08_005566,B9J08_005566-t37_1,Candida auris strain B8441,"PEKT02000012:63,588..63,705(+)",5S ribosomal RNA,,Not Assigned,,,,,,,,,,,,,,,,,,,,,,,,,,,,,,,,,,,,,,,,,,,,False,False,False
B9J08_005577,B9J08_005577-t37_1,Candida auris strain B8441,"PEKT02000013:36,214..36,331(+)",5S ribosomal RNA,,Not Assigned,,,,,,,,,,,,,,,,,,,,,,,,,,,,,,,,,,,,,,,,,,,,False,False,False
