Protein,Output_Type,Description,Word_Count,Exact_Duplicate_Count,Review_Reasons,Review_Flag,ProtNLM_Top1,ProtNLM_Top1_Score,ProtNLM_Top1_Generic,ProtNote_Top_GO_Description,ProtNote_Top_Probability,ProtNote_Specific_Count,ProtNote_HighConf_Specific_Count,Ortholog count,Protein Length
B9J08_000211,function,Effector proteins function to alter host cell physiology and promote bacterial survival in host tissues. This protein is an intermediate in the biosynthesis of new nicotinamide ribonucleotides.,27,1,bacterial_or_viral_context,True,Transmembrane protein,0.0455220107779271,False,cellular metabolic process,0.7893,16,16,8,194
B9J08_000652,function,Effector proteins function to alter host cell physiology and promote bacterial survival in host tissues.,15,1,bacterial_or_viral_context,True,MMPL domain-containing protein,0.1203971027112557,False,cellular_component,0.9327,11,3,8,255
B9J08_000663,function,This protein is an enzymatically inactive cyclic nucleotide-binding protein that functions as an anti-viral agent against a wide variety of Gram-positive and Gram-negative bacteria.,24,1,bacterial_or_viral_context,True,DUF223 domain-containing protein,0.0556049013029314,False,cellular process,0.5714,12,0,9,166
B9J08_001074,function,Effector proteins function to alter host cell physiology and promote bacterial survival in host tissues. Contributes to the formation of Salmonella-induced filaments in infected macrophages. Required for efficient replication in macrophages.,31,1,bacterial_or_viral_context,True,Transmembrane protein,0.0519086129505674,False,membrane part,0.9475,11,4,2,104
B9J08_001339,function,Forms a fibrillar layer on the bacterial surface that provides a framework for the olfactory epithelial to meso-diaminopimelic acid layer.,20,1,bacterial_or_viral_context,True,Cell wall protein,0.0658296296346013,False,cellular_component,0.8257,15,11,147,148
B9J08_001755,function,Effector proteins function to alter host cell physiology and promote bacterial survival in host tissues. This protein is an endopeptidase that degrades single-stranded peptidoglycan fragments of target proteins.,28,1,bacterial_or_viral_context,True,Conjugal transfer protein TraG,0.0757334084707867,False,cellular_component,0.7148,13,1,9,85
B9J08_001949,function,Has antibacterial activity against the Gram-positive bacterium S.aureus and the Gram-negative bacteria E.coli ML35p and P.aeruginosa. Lacks antifungal activity against C.albicans.,21,1,bacterial_or_viral_context,True,Str. FM013,0.0925568338109402,False,cellular_component,0.6641,11,0,4,133
B9J08_001978,function,Effector proteins function to alter host cell physiology and promote bacterial survival in host tissues. Contributes to the pathogenesis of M.tuberculosis when overexpressed.,23,1,bacterial_or_viral_context,True,DUF4234 domain-containing protein,0.2632348470618642,False,cellular_component,0.9547,9,5,21,125
B9J08_002031,function,Major envelope protein that plays a role in the biogenesis of the viral double membrane and in egress of virus particles from the host cell.,25,1,bacterial_or_viral_context,True,Secreted protein,0.0963831950234432,False,cellular_component,0.7309,15,3,14,239
B9J08_002309,function,": Involved in aphid transmission, cell-to-cell and systemis movement, encapsidation of the viral RNA and in the regulation of viral RNA amplification.; FUNCTION: : An RNA-dependent RNA polymerase that plays an essential role in the virus replication.",37,1,bacterial_or_viral_context,True,Hypothetical protein,0.0209065214103169,True,molecular_function,0.3087,16,0,6,114
B9J08_002486,function,"Transports viral genome to neighboring plant cells directly through plasmosdesmata, without any budding. The movement protein allows efficient cell to cell propagation, by bypassing the host cell wall barrier",29,1,bacterial_or_viral_context,True,Hypothetical protein,0.0574588023444996,True,intrinsic component of membrane,0.9192,13,7,8,143
B9J08_002492,function,"The main function of this protein is to resist bacterial lipopolysaccharide, probably by inhibiting the biosynthesis of the antibiotic phosphingosine.",20,1,bacterial_or_viral_context,True,(pine wood nematode) hypothetical protein,0.1311373078622169,False,response to chemical,0.6113,15,2,19,317
B9J08_002540,function,May play an important role in the regulation of bacterial aggregation.,11,1,bacterial_or_viral_context,True,Opaque-phase-specific protein OP4,0.2406469373551815,False,cellular_component,0.9635,9,3,46,386
B9J08_003223,function,Binds to bacterial lipopolysaccharides and may be involved in the process of cell division.,14,1,bacterial_or_viral_context,True,Opaque-phase-specific protein OP4,0.8016801121896597,False,cellular_component,0.9461,11,3,46,340
B9J08_003337,function,"Envelope glycoprotein that plays a role in viral morphogenesis, virion assembly and budding. Plays a role in the correct incorporation of transmembrane proteins into virion membranes. Directs the glycoprotein N to the host cell surface.",35,1,bacterial_or_viral_context,True,Transmembrane protein,0.0611259591462971,False,membrane part,0.9423,12,2,16,109
B9J08_003672,function,May be involved in plasmodesmata-mediated intercellular bacteria spread.,8,1,bacterial_or_viral_context,True,ABC transporter ATP-binding protein,0.1128414260391615,False,membrane part,0.9514,10,2,4,119
B9J08_004366,function,"Involved in control of host immune response to bacterial pathogens, including F.oxysporum and M.tuberculosis.",14,1,bacterial_or_viral_context,True,NPH3 domain-containing protein,0.1991381373696,False,biological_process,0.9518,18,18,7,113
B9J08_004471,function,Flagellin is the subunit protein which polymerizes to form the filaments of bacterial flagella.,14,2,bacterial_or_viral_context,True,Str. FM013,0.0604043432097557,False,cellular_component,0.8364,13,6,18,117
B9J08_004897,function,Flagellin is the subunit protein which polymerizes to form the filaments of bacterial flagella.,14,2,bacterial_or_viral_context,True,Secreted protein,0.0933975300505416,False,cellular_component,0.7913,12,1,18,117
B9J08_005063,function,Effector proteins function to alter host cell physiology and promote bacterial survival in host tissues. This protein is required for host cell invasion across the host outer membrane.,28,1,bacterial_or_viral_context,True,ABC transmembrane type-1 domain-containing protein,0.0999565187094824,False,membrane part,0.8544,13,2,8,120
B9J08_005321,function,Effector proteins function to alter host cell physiology and promote bacterial survival in host tissues. This protein is an obligate antigen for M.tuberculosis.,23,1,bacterial_or_viral_context,True,Transmembrane protein INAFM2,0.0484867044160088,False,cellular_component,0.7709,12,0,9,105
B9J08_005333,function,Effector proteins function to alter host cell physiology and promote bacterial survival in host tissues. This protein is required for endothelial cell fusion and the formation of a tubular structure on the bacterial surface.,34,1,bacterial_or_viral_context,True,Hypothetical protein,0.8662985964655129,True,intrinsic component of membrane,0.7456,12,3,19,99
B9J08_004007,function,": Plays a role in the biogenesis of the viral envelope, and is required for the cell-to-cell spread of the virus. ; FUNCTION: : An outer shell protein that acts as a lipoprotein in the virion membrane. Associates with lipoproteins and is involved in the attachment, budding and entry process. Also plays a role in the transport of nucleocapsid proteins from the Golgi complex to the host cytoplasm.",68,1,bacterial_or_viral_context; extreme_length_outlier,True,Pecanex-like protein,0.2176258614603022,False,cellular_component,0.806,13,5,8,202
B9J08_000817,function,"Non-catalytic subunit of the obisolate reductase complex, a multiprotein complex that catalyzes the initial transfer of a defined glycan ManGlcNAc in eukaryotes) from the lipid carrier dolichol-pyrophosphate to an asparagine residue within an Asn-X-Ser/Thr consensus motif in ubiquitin chains, the first step in ubiquitin chain maturation. The complex also has a depalmitoyl transferase activity.",54,1,extreme_length_outlier,True,NAM-associated domain-containing protein,0.082233340571057,False,cellular_component,0.8309,12,5,10,94
B9J08_001011,function,"This protein is an atypical, non-specific DNA-binding protein that functions in cell cycle urmari urmari urmari urmari urmari urmari urmari urmari urmari urmari urmari urmari urmari urmari urmari urmari urmari urmari urmari urmari urmari urmari urmari urmari urmari urmari urmari urmari urmari urmari urmari urmari urmari urmari urmari urmari urmari urmari urmari urmari urmari urmari urmari urmari urmari urmari urmari urmari urmari urmari urmari urmari urmari urmari urmari urmari urmari urmari urmari urmari urmari urmari urmari urmari urmari urmari urmari urmari urmari urmari urmari urmari urmari urmari urmari urmari urmari urmari urmari urmari urmari urmari urmari urmari urmari urmari urmari urmari urmari urmari urmari urmari urmari urmari urmari urmari urmari urmari urmari urmari urmari urmari urmari urmari urmari urmari urmari urmari urmari urmari urmari urmari urmari urmari urmari urmari urmari urmari urmari urmari urmari urmari urmari urmari urmari urmari urmari urmari urmari urmari urmari urmari urmari urmari urmari urmari urmari urmari urmari urmari urmari urmari urmari urmari urmari urmari urmari urmari urmari urmari urmari urmari urmari urmari urmari urmari urmari urmari urmari urmari urmari urmari urmari urmari urmari urmari urmari urmari urmari urmari urmari urmari urmari urmari urmari urmari urmari urmari urmari urmari urmari urmari urmari urmari urmari urmari urmari urmari urmari urmari urmari urmari urmari urmari urmari urmari urmari urmari urmari urmari urmari urmari urmari urmari urmari urmari urmari urmari urmari urmari urmari urmari urmari urmari urmari urmari urmari urmari urmari urmari urmari urmari urmari urmari urmari urmari urmari urmari urmari urmari urmari urmari urmari urmari urmari urmari urmari urmari urmari urmari urmari urmari urmari urmari urmari urmari urmari urmari urmari urmari urmari urmari urmari urmari urmari urmari urmari urmari urmari urmari urmari urmari urmari urmari urmari urmari urmari urmari urmari urmari urmari urmari urmari urmari urmari urmari urmari urmari urmari urmari urmari urmari urmari urmari urmari urmari urmari urmari urmari urmari urmari urmari urmari urmari urmari urmari urmari urmari urmari urmari urmari urmari urmari urmari urmari urmari urmari urmari urmari urmari urmari urmari urmari urmari urmari urmari urmari urmari urmari urmari urmari urmari urmari urmari urmari urmari urmari urmari urmari urmari urmari urmari urmari urmari urmari urmari urmari urmari urmari urmari urmari urmari urmari urmari urmari urmari urmari urmari urmari urmari urmari urmari urmari urmari urmari urmari urmari urmari urmari urmari urmari urmari urmari urmari urmari urmari urmari urmari urmari urmari urmari urmari urmari urmari urmari urmari urmari urmari urmari urmari urmari urmari urmari urmari urmari urmari urmari urmari urmari urmari urmari urmari urmari urmari urmari urmari urmari urmari urmari urmari urmari urmari urmari urmari urmari urmari urmari urmari urmari urmari urmari urmari urmari urmari urmari urmari urmari urmari urmari urmari urmari urmari urmari urmari urmari urmari urmari urmari urmari urmari urmari urmari urmari urmari urmari urmari urmari urmari urmari urmari urmari urmari urmari urmari urmari urmari urmari urmari urmari urmari urmari urmari urmari urmari urmari urmari urmari urmari urmari urmari urmari urmari urmari urmari urmari urmari urmari urmari urmari urmari urmari urmari urmari urmari urmari urmari urmari urmari urmari urmari urmari urmari urmari urmari urmari urmari urmari urmari urmari urmari urmari urmari urmari urmari urmari urmari urmari urmari urmari urmari urmari urmari urmari urmari urmari urmari urmari urmari urmari urmari urmari urmari urmari urmari urmari urmari urmari urmari urmari urmari urmari urmari urmari urmari urmari urmari urmari urmari urmari urmari urmari urmari urmari urmari urmari urmari urmari urmari urmari urmari urmari urmari urmari urmari urmari urmari urmari urmari urmari urmari urmari urmari urmari urmari urmari urmari urmari urmari urmari urmari urmari urmari urmari urmari urmari urmari urmari urmari urmari urmari urmari urmari urmari urmari urmari urmari urmari urmari urmari urmari urmari urmari urmari urmari urmari urmari urmari urmari urmari urmari urmari urmari urmari urmari urmari urmari urmari urmari urmari urmari urmari urmari urmari urmari urmari urmari urmari urmari urmari urmari urmari urmari urmari urmari urmari urmari urmari urmari urmari urmari urmari urmari urmari urmari urmari urmari urmari urmari urmari urmari urmari urmari urmari urmari urmari urmari urmari urmari urmari urmari urmari urmari urmari urmari urmari urmari urmari urmari urmari urmari urmari urmari urmari urmari urmari urmari urmari urmari urmari urmari urmari urmari urmari urmari urmari urmari urmari urmari urmari urmari urmari urmari urmari urmari urmari urmari urmari urmari urmari urmari urmari urmari urmari urmari urmari urmari urmari urmari urmari urmari urmari urmari urmari urmari urmari urmari urmari urmari urmari urmari urmari urmari urmari urmari urmari urmari urmari urmari urmari urmari urmari urmari urmari urmari urmari urmari urmari urmari urmari urmari urmari urmari urmari urmari urmari urmari urmari urmari urmari urmari urmari urmari urmari urmari urmari urmari urmari urmari urmari urmari urmari urmari urmari urmari urmari urmari urmari urmari urmari urmari urmari urmari urmari urmari urmari urmari urmari urmari urmari urmari urmari urmari urmari urmari urmari urmari urmari urmari urmari urmari urmari urmari urmari urmari urmari urmari urmari urmari urmari urmari urmari urmari urmari urmari urmari urmari urmari urmari urmari urmari urmari urmari urmari urmari urmari urmari urmari urmari urmari urmari urmari urmari urmari urmari urmari urmari urmari urmari urmari urmari urmari urmari urmari urmari urmari urmari urmari urmari urmari urmari urmari urmari urmari urmari urmari urmari urmari urmari urmari urmari urmari urmari urmari urmari urmari urmari urmari urmari urmari urmari urmari urmari urmari urmari urmari urmari urmari urmari urmari urmari urmari urmari urmari urmari urmari urmari urmari urmari urmari urmari urmari urmari urmari urmari urmari urmari urmari urmari urmari urmari urmari urmari urmari urmari urmari urmari urmari urmari urmari urmari urmari urmari urmari urmari urmari urmari urmari urmari urmari urmari urmari urmari urmari urmari urmari urmari urmari urmari urmari urmari urmari urmari urmari urmari urmari urmari urmari urmari urmari urmari urmari urmari urmari urmari urmari urmari urmari urmari urmari urmari urmari urmari urmari urmari urmari urmari urmari urmari urmari urmari urmari urmari urmari urmari urmari urmari urmari urmari urmari urmari urmari urmari urmari urmari urmari urmari urmari urmari urmari urmari urmari urmari urmari urmari urmari urmari urmari urmari urmari urmari urmari urmari urmari urmari urmari urmari urmari urmari urmari urmari urmari urmari urmari urmari urmari urmari urmari urmari urmari urmari urmari urmari urmari urmari urmari urmari urmari urmari urmari urmari urmari urmari urmari urmari urmari urmari urmari urmari",1011,1,extreme_length_outlier,True,Zinc finger protein,0.0471324817913789,False,biological_process,0.5024,11,0,12,461
B9J08_001234,function,"Capsid protein p27: Self-associates to form the irregular polyhedron core composed of hexamers and pentamers, that encapsulates the genomic RNA-nucleocapsid complex. Aspartyl protease p27: self-associates to form the irregular polyhedron core composed of hexamers and pentamers, that encapsulates the genomic RNA-nucleocapsid complex. ; FUNCTION: : Mediates proteolytic cleavages of Gag and Gag-Pol polyproteins during or shortly after the release of the virion from the plasma membrane. Cleavages take place as an ordered, step-wise cascade to yield mature proteins. This process is called maturation. Displays maximal activity during the budding process just prior to particle release from the cell.",98,1,extreme_length_outlier,True,SEP domain-containing protein,0.2383722067112799,False,cellular_component,0.5461,14,0,23,165
B9J08_002270,function,"RNA-binding component of the eukaryotic translation initiation factor 3 complex, which is involved in protein synthesis of a specialized repertoire of mRNAs and, together with other initiation factors, stimulates binding of mRNA and methionyl-tRNAi to the 40S ribosome. The eIF-3 complex specifically targets and initiates translation of a subset of mRNAs involved in cell proliferation.",55,1,extreme_length_outlier,True,Nuclear pore complex protein,0.2381489885206452,False,cellular_component,0.7829,12,12,22,467
B9J08_002288,function,"Alpha subunit of the oligosaccharyl transferase complex that catalyzes the initial transfer of a single N-acetylglucosamine from S-adenosyl-L-methionine to an asparagine residue within an Asn-X-Ser/Thr consensus motif in glycans, the first step in protein N-glycosylation. N-glycosylation occurs cotranslationally and the complex associates with the Sec61 complex at the channel-forming translocon complex that mediates protein translocation across the endoplasmic reticulum All subunits are required for a maximal enzyme activity",68,1,extreme_length_outlier,True,Trm112 family protein,0.0233378951138896,False,cellular_component,0.9355,11,2,12,83
B9J08_003532,function,"The BBSome complex is thought to function as a coat complex required for sorting of specific membrane proteins to the primary cilia. The BBSome complex is required for ciliogenesis but is dispensable for centriolar satellite function. This ciliogenic function is mediated in part by the Rab8 GDP/GTP exchange factor, which localizes to the basal body and contacts the BBSome. Rab8 enters the primary cilium and promotes extension of the ciliary membrane. Firstly the BBSome associates with the ciliary membrane and binds to RAB3IP/Rabin8, the guanosyl exchange factor for Rab8 and then the Rab8-GTP localizes to the cilium and promotes docking and fusion of carrier vesicles to the base of the ciliary membrane. The BBSome complex, together with the LTZL1, controls SMO ciliary trafficking and contributes to the sonic hedgehog pathway regulation. Required for proper BBSome complex assembly and its ciliary localization.",141,1,extreme_length_outlier,True,Membrane-associated kinase regulator 6,0.0595393193781641,False,cell part,0.7871,11,4,11,330
B9J08_004287,function,"Non-canonical non-ribosomal peptide synthetase; part of the gene cluster that mediates the biosynthesis of dothistromin, a polyketide toxin very similar in structure to the aflatoxin precursor, versicolorin B The first step of the pathway is the conversion of acetate to norsolorinic acid and requires the fatty acid synthase subunits hexA and hexB, as well as the polyketide synthase pksA PksA combines a hexanoyl starter unit and 7 malonyl-CoA extender units to synthesize the precursor NOR The hexanoyl starter unit is provided to the acyl-carrier protein domain by the fungal fatty acid synthase hexA/hexB The second step is the conversion of NOR to averantin and requires the norsolorinic acid ketoreductase nor1, which catalyzes the dehydration of norsolorinic acid to form -averantin Finally",121,1,extreme_length_outlier,True,"NADH dehydrogenase [ubiquinone] 1 alpha subcomplex subunit 5, mitochondrial",0.2256056526916286,False,molecular_function,0.7253,13,13,5,348
B9J08_005173,function,"Regulatory subunit of the ATP-dependent BCR E3 ubiquitin ligase complex, which is involved in the control of many cellular processes, including protection of the proteome from stress, folding and transport of newly synthesized polypeptides, activation of proteolysis of misfolded proteins and the formation and dissociation of protein complexes. Plays a pivotal role in the protein quality control system, ensuring the correct folding of proteins, the re-folding of misfolded proteins and controlling the targeting of proteins for subsequent degradation. This is achieved through cycles of ATP binding, phosphorylation and stabilization of the microtubule plus-end tracking protein YAP1. The C-terminal peptide regulates the affinity of YAP1 for substrate proteins.",107,1,extreme_length_outlier,True,Pro-interleukin-16,0.0523141157772329,False,cellular_component,0.9283,12,10,5,730
B9J08_005439,function,"Component of the Mediator complex, a coactivator involved in the regulated transcription of nearly all RNA polymerase II-dependent genes. Mediator functions as a bridge to convey information from gene-specific regulatory proteins to the basal RNA polymerase II transcription machinery. Mediator is recruited to promoters by direct interactions with regulatory proteins and serves as a scaffold for the assembly of a functional preinitiation complex with RNA polymerase II and the general transcription factors.",72,1,extreme_length_outlier,True,Mediator complex subunit 4,0.0953382302092074,False,cell part,0.9133,14,14,27,317
B9J08_000006,function,May play a protective role in mucosal tissues by preventing exaggerated allergic responses.,13,1,metazoan_or_clinical_context,True,Hypothetical protein,0.0705935035912406,True,cellular_component,0.8956,12,2,10,270
B9J08_000931,function,Required for normal neuronal function and axonal outgrowth and maintenance.,10,1,metazoan_or_clinical_context,True,Pecanex-like protein,0.1165198946933235,False,cellular_component,0.9596,12,8,5,669
B9J08_002441,function,Positive transcription elongation factor for pv. tomato DC3000 Required for gametophyte and embryonic development,14,1,metazoan_or_clinical_context,True,Iwr1 domain-containing protein,0.1229595816714397,False,membrane-bounded organelle,0.7556,11,7,24,235
B9J08_002616,function,"A non-essential subunit of a heterodimeric enolase, it catalyzes the covalent attachment of a thioester to the 5'-position of a serine or threonine residue in a target protein. This enoyl-thioester transfers the newly generated reducing end to the non-reducing end of another enoyl-thioester, resulting in the formation of a covalent mammalian thioester",52,1,metazoan_or_clinical_context,True,Transferrin-like domain-containing protein,0.1697036989206472,False,biological_process,0.7417,10,0,40,305
B9J08_003601,function,Probably plays a role in embryogenesis.,6,2,metazoan_or_clinical_context,True,U4/U6.U5 small nuclear ribonucleoprotein 27 kDa protein,0.0787196487871872,False,cellular_component,0.8429,12,4,8,165
B9J08_004034,function,Probably plays a role in embryogenesis.,6,2,metazoan_or_clinical_context,True,Similar to,0.0576611669464263,True,cellular_component,0.9146,11,10,21,251
B9J08_000249,function,"OBSOLETE is a single-component, multi-subunit protein that functions as a transcriptional regulator of nearly all RNA polymerase II-dependent genes.",19,1,obsolete_placeholder,True,Protein TSSC4,0.0866319455543794,False,biological_process,0.746,9,0,8,436
B9J08_000259,function,OBSOLETE is an essential component of the OBSOLETE complex. It is required for the correct localization of OBSOLETE to the cell membrane.,22,1,obsolete_placeholder,True,HIG1 domain-containing protein,0.820527259083487,False,intracellular part,0.9054,13,13,347,188
B9J08_000481,function,"OBSOLETE is a member of the pentose phosphate transporter family which is involved in the control of a large number of enzymes, ion channels and other proteins.",27,1,obsolete_placeholder,True,NADH dehydrogenase [ubiquinone] 1 alpha subcomplex subunit 13,0.261474502577451,False,cellular_component,0.9856,11,11,25,237
B9J08_000502,function,"Essential component of the OBSOLETE complex, a complex that is required for the maintenance of the structure of the mitochondrial compartment.",21,1,obsolete_placeholder,True,Transmembrane protein,0.1139199974261049,False,cellular_component,0.9829,15,15,21,134
B9J08_000586,function,OBSOLETE is a member of the mitochondrial inner membrane protein supercomplex that forms a link between the inner and outer membranes.,21,1,obsolete_placeholder,True,COX6C domain-containing protein,0.0232384917577975,False,cellular_component,0.9739,12,12,22,150
B9J08_000672,function,This protein is an obisoluteute protein.,6,3,obsolete_placeholder,True,PP1-binding domain-containing protein,0.0315117634030431,False,biological_process,0.616,15,2,7,327
B9J08_000846,function,"Component of the OBSOLETE complex, a complex that regulates the turnover of the translation initiation factor eIF4E.",17,1,obsolete_placeholder,True,Hypothetical protein,0.0389748778016567,True,cell part,0.9104,14,11,18,93
B9J08_000890,function,"Part of the OBSOLETE complex, a complex required for the translocation of lipoproteins and proteins from the endoplasmic reticulum to the plasma membrane.",23,1,obsolete_placeholder,True,Infection structure specific protein,0.1329563013526846,False,cellular_component,0.9797,13,9,8,207
B9J08_001028,function,"OBSOLETE is an obissufide reductase that can both act as an opsonin and a repressor of transcription, depending on the context.",21,1,obsolete_placeholder,True,AHD domain-containing protein,0.0276084809484171,False,cellular_component,0.7481,11,4,378,395
B9J08_001147,function,"Component of the OBSOLETE complex, a complex that is part of the mitochondrial inner membrane.",15,1,obsolete_placeholder,True,Conserved protein,0.0657849454277132,True,cellular_component,0.9942,13,13,22,109
B9J08_001214,function,Part of the OBSOLETE complex which is required for efficient peptide transfer between the endoplasmic reticulum and the Golgi apparatus.,20,1,obsolete_placeholder,True,EC:2.7.11.1,0.1197055001060787,False,cellular_component,0.9544,15,15,22,588
B9J08_001290,function,This protein is an obisoluteute protein.,6,3,obsolete_placeholder,True,C2H2-type domain-containing protein,0.0980922689312581,False,biological_process,0.996,14,14,12,671
B9J08_001314,function,"This protein is a component of the OBSOLETE complex, a complex localized at the midbody of mitotic chromosomes.",18,1,obsolete_placeholder,True,SWI5-dependent HO expression protein 3,0.4910087455039137,False,cellular_component,0.7938,15,1,20,743
B9J08_001617,function,The OBSOLETE complex catalyzes the formation of cyclic dinucleotides from one molecule of acetyl-CoA and three molecules of malonyl-CoA.,19,1,obsolete_placeholder,True,Hypothetical_protein,0.0587400869162623,True,cellular_component,0.8528,12,12,21,378
B9J08_001639,function,OBSOLETE is a member of the ubiquitin-like factor family that controls ubiquitination and subsequent proteasomal degradation of target proteins.,19,1,obsolete_placeholder,True,(pine wood nematode) hypothetical protein,0.049319539464577,False,biological_process,0.7559,11,5,70,147
B9J08_001932,function,"OBSOLETE is a protein that binds to the glycine ring of phosphatidylinositol 3,4,5-trisphosphate.",13,1,obsolete_placeholder,True,Fibroin heavy chain,0.0403157591617447,False,cellular_component,0.88,9,6,11,440
B9J08_002007,function,OBSOLETE is a member of the mitochondrial ribonucleoprotein complexes which are responsible for the majority of the mitochondrial ribonucleotide exchange activities.,21,1,obsolete_placeholder,True,RAP domain-containing protein,0.1125085031465221,False,cellular_component,0.957,13,10,18,748
B9J08_002021,function,"OBSOLETE is a protein that binds to phosphatidylinositol 4,5-bisphosphate.",9,1,obsolete_placeholder,True,XK-related protein,0.1066407982352273,False,cellular_component,0.9947,11,11,21,289
B9J08_002141,function,OBSOLETE is an endoplasmic reticulum-associated protein that may function as a regulator of cellular lipid homeostasis.,16,1,obsolete_placeholder,True,Hypothetical protein,0.2148739647284509,True,integral component of membrane,0.9814,11,7,19,306
B9J08_002314,function,OBSOLETE is a cell surface and a part of a complex that catalyzes the translocation of phosphatidylinositol to the plasma membrane.,21,1,obsolete_placeholder,True,CID domain-containing protein,0.0399867151176996,False,cellular_component,0.7685,12,12,14,371
B9J08_002509,function,"OBSOLETE is a single-stranded, multi-subunit protein capable of binding to the DNA of a wide variety of motifs.",18,1,obsolete_placeholder,True,Hypothetical protein,0.031681697993626,True,cell part,0.7933,12,4,8,473
B9J08_002525,function,"OBSOLETE is a protein that binds to the G box, a well-characterized cis-acting DNA regulatory element found in plant genes.",20,1,obsolete_placeholder,True,DUF632 domain-containing protein,0.0355293760751572,False,cellular_component,0.8752,11,5,22,221
B9J08_002541,function,Probably part of the OBSOLETE complex.,6,2,obsolete_placeholder,True,Protein kinase domain-containing protein,0.0348336454676432,False,intrinsic component of membrane,0.9848,10,10,23,481
B9J08_002843,function,OBSOLETE is required for cell division.,6,1,obsolete_placeholder,True,Hypothetical protein,0.0773629899714137,True,cellular_component,0.976,11,11,22,416
B9J08_003137,function,OBSOLETE is a protein that binds to the G-protein of phosphatidylinositol 3-kinase.,12,1,obsolete_placeholder,True,Cation transport regulator ChaB,0.2375778517234241,False,cellular_component,0.8808,9,5,19,122
B9J08_003419,function,Component of the mitochondrial OBSOLETE complex.,6,1,obsolete_placeholder,True,Cell wall surface anchor family protein,0.0341912148756549,False,cellular_component,0.9373,12,9,22,222
B9J08_003422,function,OBSOLETE is thought to function as a protein carrier in the nucleus and may be involved in some secretory processes.,20,1,obsolete_placeholder,True,Hypothetical protein,0.0608215782245729,True,cellular_component,0.8286,9,1,14,298
B9J08_003434,function,OBSOLETE is a protein that binds to the plus-strand of a variety of RNA polymerase beta subunits.,17,1,obsolete_placeholder,True,Mto2_bdg domain-containing protein,0.2047546950224154,False,cellular_component,0.9642,10,8,129,720
B9J08_003636,function,"This protein is a component of the OBSOLETE complex, a complex that localizes to the nucleus and nuclei and regulates gene expression.",22,1,obsolete_placeholder,True,Mediator of RNA polymerase II transcription subunit 9,0.0326773234678103,False,biological_process,0.7385,12,3,22,147
B9J08_003777,function,OBSOLETE is a lipoprotein that binds to phospholipid vesicles and functions in the same biological function.,16,1,obsolete_placeholder,True,Transmembrane protein,0.0905602129929303,False,cellular_component,0.973,10,7,6,197
B9J08_003970,function,"OBSOLETE is a multifunctional protein that acts as an enzymatically inactive cytidine kinase, a DNA-binding protein, and a ribonucleotide reductase.",20,1,obsolete_placeholder,True,AMP-binding domain-containing protein,0.5573889280137649,False,cellular_component,0.9214,11,4,254,488
B9J08_004102,function,"Part of the OBSOLETE complex, which is required for the outer membrane binding and adherence of M.tuberculosis.",17,1,obsolete_placeholder,True,Secreted protein,0.075096137093616,False,cellular_component,0.7889,12,2,18,123
B9J08_004105,function,"Component of the OBSOLETE complex, a complex that acts as a regulator of cell cycle progression and is essential for stability of the BBSome complex.",25,1,obsolete_placeholder,True,Protein FAM228B,0.0835960049103352,False,cell part,0.9141,10,5,4,203
B9J08_004275,function,OBSOLETE is a member of the ubiquinol-cytochrome c reductase complex that catalyzes the reduction of ubiquinol to ubiquinol by the proteasome.,21,1,obsolete_placeholder,True,Transmembrane protein,0.0768002125974801,False,cellular_component,0.9459,11,11,36,390
B9J08_004276,function,Part of the OBSOLETE complex which seems to be a cell surface adhesion protein.,14,1,obsolete_placeholder,True,GPI anchored protein,0.071464423486142,False,cellular_component,0.9908,12,5,7,299
B9J08_004395,function,Probably part of the OBSOLETE complex.,6,2,obsolete_placeholder,True,Coiled-coil protein,0.3159122790530183,False,cellular_component,0.8725,12,8,24,316
B9J08_004484,function,OBSOLETE is a member of the mitochondrial supercomplex of the outer membrane that forms a link between the inner and outer membranes.,22,1,obsolete_placeholder,True,Hypothetical_protein,0.2261767484001696,True,cellular_component,0.9853,12,12,27,225
B9J08_004575,function,"OBSOLETE is a protein that binds to phosphatidylinositol 4,5-bisphosphate P2).",10,1,obsolete_placeholder,True,Monopolar spindle protein 2,0.1031900079992807,False,membrane part,0.9639,10,5,12,321
B9J08_004660,function,"Component of the OBSOLETE complex, a coactivator of protein kinase A.",11,1,obsolete_placeholder,True,Transcription factor,0.0507320530960993,False,cellular_component,0.8858,13,8,22,322
B9J08_004780,function,This protein is an obisoluteute protein.,6,3,obsolete_placeholder,True,"ATPase expression protein 2, mitochondrial",0.5639391175361558,False,cellular_component,0.9196,15,15,23,399
B9J08_005200,function,"Component of the OBSOLETE complex, a large ribosomal subunit involved in translation initiation.",13,1,obsolete_placeholder,True,"54S ribosomal protein L39, mitochondrial",0.0077665203645874,False,cytoplasmic part,0.8213,12,5,10,67
B9J08_005420,function,OBSOLETE is a protein that binds to phosphatidylinositol 3-phosphate and has hemagglutinating activity towards rabbit erythrocytes.,16,1,obsolete_placeholder,True,Secreted protein,0.102339459881309,False,cellular_component,0.9491,11,1,8,165
B9J08_001659,function,OBSOLETE is a protein that localizes to centrosomes in early embryogenesis. It may be involved in the process of postembryonic development of seeds and pollen.,25,1,obsolete_placeholder; metazoan_or_clinical_context,True,A-agglutinin anchorage subunit,0.0037264065337922,False,organelle,0.7308,13,8,17,157
B9J08_000052,function,OBSOLETE is a member of the mitochondrial and plastidial OBSOLETE protein complexes.,12,1,obsolete_placeholder; photosynthesis_or_chloroplast,True,Hypothetical protein,0.1909717070597697,True,cellular_component,0.9534,11,8,22,196
B9J08_001479,function,May play a role as a scaffolding protein in plastids.,10,1,photosynthesis_or_chloroplast,True,Hypothetical protein,0.0654846814021787,True,cellular_component,0.7661,14,6,11,459
B9J08_004645,function,"Required for efficient group II intron splicing. Binds specific group II introns in chloroplasts and facilitates their splicing. Acts on subgroup IIB introns. The substrates of the subgroup IIB also require the CRM domain proteins CAF1 or CAF2, with a simultaneous binding of CFM3A and CAF1 or CAF2. Required for cell division.",52,1,photosynthesis_or_chloroplast,True,Protein Red,0.1041228170868978,False,cellular_component,0.9132,14,2,24,577
B9J08_001226,pathway,Carbohydrate biosynthesis; dTMP biosynthesis via salvage pathway; dTMP from thymine: step 1/2.,12,1,extreme_length_outlier,True,CPSF73-100_C domain-containing protein,0.1410006116429359,False,biological_process,0.8137,12,12,24,253
B9J08_001480,pathway,Carbohydrate degradation; 2-deoxy-D-ribose 1-phosphate biosynthesis; deoxy-D-ribose 1-phosphate from D-ribulose 5-phosphate : step 1/1.,13,1,extreme_length_outlier,True,DUF3715 domain-containing protein,0.1435783246128317,False,biological_process,0.9004,11,11,3,669
B9J08_003843,pathway,Terpene metabolism; lanosterol biosynthesis; lanosterol from farnesyl diphosphate: step 1/3.,10,1,extreme_length_outlier,True,Mab-21 domain-containing protein,0.2349592561938322,False,cellular_component,0.814,12,11,23,423
B9J08_005159,pathway,Cofactor biosynthesis; nicotinate biosynthesis; nicotinate from nicotinamide: step 1/1.,9,1,extreme_length_outlier,True,Nuclear transcription factor Y subunit,0.0496619836821979,False,biological_process,0.9688,13,13,5,294
B9J08_000005,pathway,Anchor biosynthesis; OBSOLETE biosynthesis.,4,10,obsolete_placeholder,True,GPI anchored protein,0.1325214030536454,False,cellular_component,0.9255,12,3,8,202
B9J08_000022,pathway,Amine and polyamine biosynthesis; OBSOLETE biosynthesis.,6,2,obsolete_placeholder,True,Virion core protein,0.0742025562650697,False,catalytic activity,0.7081,13,3,24,253
B9J08_000043,pathway,Carbohydrate acid metabolism; OBSOLETE biosynthesis.,5,3,obsolete_placeholder,True,ANK_REP_REGION domain-containing protein,0.0482880470369484,False,molecular_function,0.8341,10,7,306,845
B9J08_000052,pathway,Cofactor biosynthesis; OBSOLETE biosynthesis.,4,47,obsolete_placeholder,True,Hypothetical protein,0.1909717070597697,True,cellular_component,0.9534,11,8,22,196
B9J08_000116,pathway,Glycan metabolism; OBSOLETE biosynthesis.,4,12,obsolete_placeholder,True,Cell wall protein,0.0691119361140267,False,cellular_component,0.9255,10,6,8,284
B9J08_000117,pathway,Cofactor biosynthesis; OBSOLETE biosynthesis.,4,47,obsolete_placeholder,True,GPI-anchored protein,0.0458290502135111,False,cellular_component,0.924,10,3,147,258
B9J08_000124,pathway,Amino-acid biosynthesis; OBSOLETE biosynthesis.,4,16,obsolete_placeholder,True,Hypothetical_protein,0.0703316654939231,True,biological_process,0.7127,11,5,22,659
B9J08_000259,pathway,Cofactor biosynthesis; OBSOLETE biosynthesis.,4,47,obsolete_placeholder,True,HIG1 domain-containing protein,0.820527259083487,False,intracellular part,0.9054,13,13,347,188
B9J08_000292,pathway,Cell wall biogenesis; OBSOLETE biosynthesis.,5,2,obsolete_placeholder,True,Similar to,0.0655918882407611,True,cell part,0.603,8,0,21,213
B9J08_000308,pathway,Carbohydrate metabolism; OBSOLETE biosynthesis.,4,38,obsolete_placeholder,True,GIT domain-containing protein,0.0586848082720767,False,cellular_component,0.925,13,2,7,406
B9J08_000380,pathway,Amine and polyamine biosynthesis; OBSOLETE biosynthesis.,6,2,obsolete_placeholder,True,RNB domain-containing protein,0.365734211402129,False,biological_process,0.8994,10,10,22,1019
B9J08_000438,pathway,Glycan metabolism; OBSOLETE biosynthesis.,4,12,obsolete_placeholder,True,Cell wall protein,0.1409224397935855,False,cellular_component,0.9367,14,11,147,279
B9J08_000481,pathway,Cofactor biosynthesis; OBSOLETE biosynthesis.,4,47,obsolete_placeholder,True,NADH dehydrogenase [ubiquinone] 1 alpha subcomplex subunit 13,0.261474502577451,False,cellular_component,0.9856,11,11,25,237
B9J08_000521,pathway,Amino-acid biosynthesis; OBSOLETE biosynthesis.,4,16,obsolete_placeholder,True,T-SNARE coiled-coil homology domain-containing protein,0.0889212926673131,False,cellular_component,0.8902,11,1,13,336
B9J08_000595,pathway,Carbohydrate metabolism; OBSOLETE biosynthesis.,4,38,obsolete_placeholder,True,UBX domain-containing protein,0.2407435183524203,False,biological_process,0.9616,13,13,17,302
B9J08_000597,pathway,Amino-acid biosynthesis; OBSOLETE biosynthesis.,4,16,obsolete_placeholder,True,Transmembrane protein,0.1309740781936298,False,cellular_component,0.9791,9,8,7,473
B9J08_000608,pathway,Cofactor biosynthesis; OBSOLETE biosynthesis.,4,47,obsolete_placeholder,True,DUF2012 domain-containing protein,0.8305055004871009,False,cellular_component,0.9564,13,8,22,244
B9J08_000626,pathway,Cofactor biosynthesis; OBSOLETE biosynthesis.,4,47,obsolete_placeholder,True,Hypothetical_protein,0.217483766039684,True,cellular_component,0.9485,15,15,28,459
B9J08_000653,pathway,Carbohydrate metabolism; OBSOLETE degradation.,4,4,obsolete_placeholder,True,Occludin_ELL domain-containing protein,0.2479743607823247,False,biological_process,0.9491,15,15,22,578
B9J08_000664,pathway,Glucan metabolism; OBSOLETE biosynthesis.,4,2,obsolete_placeholder,True,COPI associated protein,0.0564062406896225,False,cellular_component,0.9901,10,4,12,391
B9J08_000672,pathway,Cofactor biosynthesis; OBSOLETE biosynthesis.,4,47,obsolete_placeholder,True,PP1-binding domain-containing protein,0.0315117634030431,False,biological_process,0.616,15,2,7,327
B9J08_000724,pathway,Pyrimidine metabolism; OBSOLETE biosynthesis.,4,1,obsolete_placeholder,True,Secreted protein,0.0434214189718833,False,cellular_component,0.7399,12,2,22,147
B9J08_000783,pathway,Cofactor biosynthesis; OBSOLETE biosynthesis.,4,47,obsolete_placeholder,True,RING-type domain-containing protein,0.0626269819299089,False,biological_process,0.9321,15,11,5,574
B9J08_000834,pathway,Carbohydrate metabolism; OBSOLETE biosynthesis.,4,38,obsolete_placeholder,True,Hypothetical_protein,0.0956244027734983,True,cellular_component,0.8446,11,2,23,421
B9J08_000846,pathway,Carbohydrate metabolism; OBSOLETE biosynthesis.,4,38,obsolete_placeholder,True,Hypothetical protein,0.0389748778016567,True,cell part,0.9104,14,11,18,93
B9J08_000890,pathway,Lipid metabolism; OBSOLETE biosynthesis.,4,3,obsolete_placeholder,True,Infection structure specific protein,0.1329563013526846,False,cellular_component,0.9797,13,9,8,207
B9J08_000919,pathway,Anchor biosynthesis; OBSOLETE biosynthesis.,4,10,obsolete_placeholder,True,GPI-anchored protein,0.1586656735350159,False,cellular_component,0.9633,9,6,19,234
B9J08_000986,pathway,Carbohydrate acid metabolism; OBSOLETE biosynthesis.,5,3,obsolete_placeholder,True,DUF2040 domain-containing protein,0.4834745643942427,False,cell part,0.7436,9,4,12,164
B9J08_001028,pathway,Carbohydrate metabolism; OBSOLETE biosynthesis.,4,38,obsolete_placeholder,True,AHD domain-containing protein,0.0276084809484171,False,cellular_component,0.7481,11,4,378,395
B9J08_001100,pathway,Carbohydrate metabolism; OBSOLETE biosynthesis.,4,38,obsolete_placeholder,True,Dynactin subunit 2,0.0343472287602943,False,cellular_component,0.9342,10,7,23,198
B9J08_001195,pathway,Cofactor biosynthesis; OBSOLETE biosynthesis.,4,47,obsolete_placeholder,True,UDENN domain-containing protein,0.0650096922730213,False,biological_process,0.8419,14,14,21,1158
B9J08_001208,pathway,Carbohydrate metabolism; OBSOLETE degradation.,4,4,obsolete_placeholder,True,Mitochondrial group I intron splicing factor ccm1,0.025933925009316,False,cellular_component,0.9035,11,7,27,701
B9J08_001290,pathway,Cofactor biosynthesis; OBSOLETE biosynthesis.,4,47,obsolete_placeholder,True,C2H2-type domain-containing protein,0.0980922689312581,False,biological_process,0.996,14,14,12,671
B9J08_001313,pathway,Cofactor biosynthesis; OBSOLETE biosynthesis.,4,47,obsolete_placeholder,True,Epidermal patterning factor-like protein,0.1195692135543365,False,organelle,0.553,13,0,6,125
B9J08_001317,pathway,Cofactor biosynthesis; OBSOLETE biosynthesis.,4,47,obsolete_placeholder,True,Str. FM013,0.0369295847542553,False,biological_process,0.6542,12,3,9,119
B9J08_001321,pathway,Amino-acid biosynthesis; OBSOLETE biosynthesis.,4,16,obsolete_placeholder,True,Hypothetical protein,0.0632839528602778,True,cellular_component,0.8839,12,3,9,639
B9J08_001426,pathway,Glycan metabolism; OBSOLETE biosynthesis.,4,12,obsolete_placeholder,True,Secreted protein,0.0539892617846443,False,cellular_component,0.8905,14,7,20,229
B9J08_001456,pathway,Carbohydrate metabolism; OBSOLETE biosynthesis.,4,38,obsolete_placeholder,True,Mitochondrial translation factor ATP22,0.1170239757938515,False,intracellular part,0.9691,10,10,24,795
B9J08_001472,pathway,Protein modification; protein OBSOLETE biosynthesis,5,1,obsolete_placeholder,True,FlxA-like protein,0.0438192957259229,False,biological_process,0.8573,16,16,18,99
B9J08_001486,pathway,Carbohydrate metabolism; OBSOLETE biosynthesis.,4,38,obsolete_placeholder,True,RWD domain-containing protein,0.384642320065257,False,cellular_component,0.8903,13,6,471,427
B9J08_001490,pathway,Carbohydrate metabolism; OBSOLETE biosynthesis.,4,38,obsolete_placeholder,True,Synaptonemal complex protein 2,0.0728316730420065,False,biological_process,0.913,11,11,9,580
B9J08_001520,pathway,Glycan metabolism; OBSOLETE biosynthesis.,4,12,obsolete_placeholder,True,GPI anchored protein,0.0766131417004581,False,cellular_component,0.9857,14,14,5,293
B9J08_001551,pathway,Glycolipid biosynthesis; OBSOLETE biosynthesis.,4,2,obsolete_placeholder,True,Fit3p,0.0551109165876611,False,cellular_component,0.9805,14,10,43,149
B9J08_001683,pathway,Cofactor biosynthesis; OBSOLETE biosynthesis.,4,47,obsolete_placeholder,True,Mitochondrial ribosomal small subunit component,0.0568697067825125,False,biological_process,0.9263,14,14,21,336
B9J08_001714,pathway,Carbohydrate metabolism; OBSOLETE biosynthesis.,4,38,obsolete_placeholder,True,(pine wood nematode) hypothetical protein,0.0531272769387199,False,biological_process,0.7923,12,4,6,116
B9J08_001751,pathway,Carbohydrate metabolism; OBSOLETE biosynthesis.,4,38,obsolete_placeholder,True,Hypothetical_protein,0.0309298528698098,True,binding,0.7334,12,12,20,119
B9J08_001830,pathway,Cofactor biosynthesis; OBSOLETE biosynthesis.,4,47,obsolete_placeholder,True,Secreted protein,0.0713662983478079,False,cellular_component,0.9519,11,11,21,574
B9J08_001942,pathway,Cofactor biosynthesis; OBSOLETE biosynthesis.,4,47,obsolete_placeholder,True,Hypothetical_protein,0.0731588394861456,True,biological_process,0.9839,14,14,20,413
B9J08_001949,pathway,Amino-acid biosynthesis; OBSOLETE biosynthesis.,4,16,obsolete_placeholder,True,Str. FM013,0.0925568338109402,False,cellular_component,0.6641,11,0,4,133
B9J08_001980,pathway,Cofactor biosynthesis; OBSOLETE biosynthesis.,4,47,obsolete_placeholder,True,Remorin_N domain-containing protein,0.0384876664710015,False,cell part,0.7752,13,6,19,147
B9J08_002031,pathway,Cofactor biosynthesis; OBSOLETE biosynthesis.,4,47,obsolete_placeholder,True,Secreted protein,0.0963831950234432,False,cellular_component,0.7309,15,3,14,239
B9J08_002055,pathway,Cofactor biosynthesis; OBSOLETE biosynthesis.,4,47,obsolete_placeholder,True,Transmembrane protein,0.0568836740559475,False,biological_process,0.9255,10,7,8,185
B9J08_002082,pathway,Cell wall biogenesis; OBSOLETE biosynthesis.,5,2,obsolete_placeholder,True,Protein kinase domain-containing protein,0.0306896816639549,False,cellular_component,0.9068,13,9,25,446
B9J08_002084,pathway,Cofactor biosynthesis; OBSOLETE biosynthesis.,4,47,obsolete_placeholder,True,"WGS project CCBQ000000000 data, contig 00015",0.0331861004711547,False,cellular_component,0.9086,14,14,24,212
B9J08_002118,pathway,Amino-acid metabolism; OBSOLETE biosynthesis.,4,1,obsolete_placeholder,True,Hypothetical protein,0.0200815846540866,True,cell part,0.7885,10,3,6,126
B9J08_002119,pathway,Carbohydrate metabolism; OBSOLETE biosynthesis.,4,38,obsolete_placeholder,True,Spatacsin_C domain-containing protein,0.1002685777294412,False,cell part,0.8857,10,2,8,668
B9J08_002141,pathway,Cofactor biosynthesis; OBSOLETE biosynthesis.,4,47,obsolete_placeholder,True,Hypothetical protein,0.2148739647284509,True,integral component of membrane,0.9814,11,7,19,306
B9J08_002228,pathway,Cofactor biosynthesis; OBSOLETE biosynthesis.,4,47,obsolete_placeholder,True,Transmembrane protein,0.1299995779178775,False,cellular_component,0.9586,9,3,6,127
B9J08_002234,pathway,Amino-acid biosynthesis; OBSOLETE biosynthesis.,4,16,obsolete_placeholder,True,Myristoylated alanine-rich C-kinase substrate-like,0.0244377655201893,False,cellular_component,0.8683,13,9,8,248
B9J08_002247,pathway,Cofactor biosynthesis; OBSOLETE biosynthesis.,4,47,obsolete_placeholder,True,Secreted protein,0.3568076396568076,False,cellular_component,0.6248,12,0,5,230
B9J08_002255,pathway,Anchor biosynthesis; OBSOLETE biosynthesis.,4,10,obsolete_placeholder,True,Secreted protein,0.1068228704191747,False,cellular_component,0.8338,10,0,5,134
B9J08_002286,pathway,Cofactor biosynthesis; OBSOLETE biosynthesis.,4,47,obsolete_placeholder,True,HUN domain-containing protein,0.1180544505191236,False,cellular_component,0.8232,15,7,22,366
B9J08_002295,pathway,Cofactor biosynthesis; OBSOLETE biosynthesis.,4,47,obsolete_placeholder,True,Fibroin heavy chain-like,0.0875893567202754,False,cellular_component,0.9907,12,8,25,291
B9J08_002296,pathway,Anchor biosynthesis; OBSOLETE biosynthesis.,4,10,obsolete_placeholder,True,Hypothetical_protein,0.0478844476997291,True,cellular_component,0.9887,12,7,25,196
B9J08_002319,pathway,Carbohydrate metabolism; OBSOLETE biosynthesis.,4,38,obsolete_placeholder,True,Reverse transcriptase domain-containing protein,0.1455004550238964,False,cellular_component,0.8414,8,4,19,489
B9J08_002397,pathway,Carbohydrate acid metabolism; OBSOLETE biosynthesis.,5,3,obsolete_placeholder,True,Claspin,0.0670928659179762,False,cellular_component,0.8713,10,1,20,617
B9J08_002507,pathway,Glycan metabolism; OBSOLETE biosynthesis.,4,12,obsolete_placeholder,True,Hydrophobic surface binding protein A-domain-containing protein,0.1569620709547347,False,cellular_component,0.757,12,1,5,120
B9J08_002511,pathway,Cofactor biosynthesis; OBSOLETE biosynthesis.,4,47,obsolete_placeholder,True,Hypothetical protein,0.1528428130950064,True,cellular_component,0.9647,14,14,24,147
B9J08_002525,pathway,Amino-acid biosynthesis; OBSOLETE biosynthesis.,4,16,obsolete_placeholder,True,DUF632 domain-containing protein,0.0355293760751572,False,cellular_component,0.8752,11,5,22,221
B9J08_002540,pathway,Carbohydrate metabolism; OBSOLETE biosynthesis.,4,38,obsolete_placeholder,True,Opaque-phase-specific protein OP4,0.2406469373551815,False,cellular_component,0.9635,9,3,46,386
B9J08_002574,pathway,Anchor biosynthesis; OBSOLETE biosynthesis.,4,10,obsolete_placeholder,True,Secreted protein,0.0395429483032024,False,cellular_component,0.8737,10,2,14,237
B9J08_002579,pathway,Cofactor biosynthesis; OBSOLETE biosynthesis.,4,47,obsolete_placeholder,True,Biopolymer transporter ExbD,0.0450990705007418,False,intrinsic component of membrane,0.94,12,12,7,157
B9J08_002626,pathway,Carbohydrate metabolism; OBSOLETE biosynthesis.,4,38,obsolete_placeholder,True,Hypothetical protein,0.0726745731322807,True,cellular_component,0.6475,11,0,21,161
B9J08_002656,pathway,Cofactor biosynthesis; OBSOLETE biosynthesis.,4,47,obsolete_placeholder,True,Ion_trans domain-containing protein,0.0854880261608971,False,biological_process,0.9276,10,9,21,297
B9J08_002729,pathway,Glycan metabolism; OBSOLETE biosynthesis.,4,12,obsolete_placeholder,True,Secreted protein,0.0342968459682734,False,cellular_component,0.8319,12,5,21,170
B9J08_002730,pathway,Amino-sugar metabolism; OBSOLETE biosynthesis.,4,2,obsolete_placeholder,True,YNL208W,0.0778615285368161,False,cellular_component,0.7786,11,0,9,276
B9J08_002731,pathway,Carbohydrate metabolism; OBSOLETE biosynthesis.,4,38,obsolete_placeholder,True,Structure-specific endonuclease subunit SLX4,0.0219349449629652,False,biological_process,0.9602,14,14,23,350
B9J08_002735,pathway,Glycolipid biosynthesis; OBSOLETE biosynthesis.,4,2,obsolete_placeholder,True,Cutinase,0.3971433737472045,False,cellular_component,0.9922,13,13,7,797
B9J08_002753,pathway,Glycan metabolism; OBSOLETE biosynthesis.,4,12,obsolete_placeholder,True,Secreted protein,0.119667490841459,False,cellular_component,0.9894,15,15,47,91
B9J08_002754,pathway,Cofactor biosynthesis; OBSOLETE biosynthesis.,4,47,obsolete_placeholder,True,Ubiquitin-like domain-containing protein,0.6444757260886017,False,cellular_component,0.9333,9,2,47,697
B9J08_002757,pathway,Cofactor biosynthesis; OBSOLETE biosynthesis.,4,47,obsolete_placeholder,True,T-SNARE coiled-coil homology domain-containing protein,0.0388859124631995,False,cellular_component,0.7468,12,2,7,97
B9J08_002843,pathway,Cofactor biosynthesis; OBSOLETE biosynthesis.,4,47,obsolete_placeholder,True,Hypothetical protein,0.0773629899714137,True,cellular_component,0.976,11,11,22,416
B9J08_002884,pathway,Cofactor biosynthesis; OBSOLETE biosynthesis.,4,47,obsolete_placeholder,True,Str. FM013,0.0777996805183512,False,biological_process,0.7509,10,5,9,295
B9J08_002925,pathway,Carbohydrate metabolism; OBSOLETE biosynthesis.,4,38,obsolete_placeholder,True,Protein kinase domain-containing protein,0.0505357374800417,False,cellular_component,0.8702,13,4,63,482
B9J08_002933,pathway,Cofactor biosynthesis; OBSOLETE biosynthesis.,4,47,obsolete_placeholder,True,"37S ribosomal protein S24, mitochondrial",0.0432134096418361,False,cell part,0.9087,11,11,20,538
B9J08_002938,pathway,Cofactor biosynthesis; OBSOLETE biosynthesis.,4,47,obsolete_placeholder,True,Transmembrane protein,0.2482362602918501,False,cellular_component,0.8841,11,3,36,402
B9J08_003109,pathway,Protein modification; protein OBSOLETE biosynthesis.,5,4,obsolete_placeholder,True,RGS domain-containing protein,0.0464731386643601,False,cellular_component,0.9135,11,3,14,453
B9J08_003129,pathway,Carbohydrate metabolism; OBSOLETE biosynthesis.,4,38,obsolete_placeholder,True,Midasin,0.2158206988538046,False,cellular_component,0.8308,11,2,7,394
B9J08_003137,pathway,Carbohydrate metabolism; OBSOLETE biosynthesis.,4,38,obsolete_placeholder,True,Cation transport regulator ChaB,0.2375778517234241,False,cellular_component,0.8808,9,5,19,122
B9J08_003223,pathway,Anchor biosynthesis; OBSOLETE biosynthesis.,4,10,obsolete_placeholder,True,Opaque-phase-specific protein OP4,0.8016801121896597,False,cellular_component,0.9461,11,3,46,340
B9J08_003260,pathway,Cofactor biosynthesis; OBSOLETE biosynthesis.,4,47,obsolete_placeholder,True,"Transmembrane protein,",0.1741433193920421,False,cytoplasmic part,0.9139,10,7,17,93
B9J08_003286,pathway,Carbohydrate metabolism; OBSOLETE biosynthesis.,4,38,obsolete_placeholder,True,Ell-associated factor Eaf,0.0417426811078428,False,cellular_component,0.9282,12,5,21,204
B9J08_003318,pathway,Cofactor biosynthesis; OBSOLETE biosynthesis.,4,47,obsolete_placeholder,True,Hypothetical protein,0.0512097608843956,True,biological_process,0.8694,13,7,19,418
B9J08_003333,pathway,Anchor biosynthesis; OBSOLETE biosynthesis.,4,10,obsolete_placeholder,True,Secreted phosphoprotein 1,0.0460545140199246,False,cellular_component,0.9479,12,3,8,336
B9J08_003334,pathway,Anchor biosynthesis; OBSOLETE biosynthesis.,4,10,obsolete_placeholder,True,Secreted phosphoprotein 1,0.0713010244493627,False,cellular_component,0.8929,11,2,8,262
B9J08_003350,pathway,Carbohydrate metabolism; OBSOLETE biosynthesis.,4,38,obsolete_placeholder,True,Mediator complex subunit 9,0.0619064762845147,False,cellular_component,0.8156,13,8,23,125
B9J08_003375,pathway,Amino-acid biosynthesis; OBSOLETE biosynthesis.,4,16,obsolete_placeholder,True,F-box domain-containing protein,0.5044340431243298,False,intracellular part,0.6771,14,10,8,397
B9J08_003434,pathway,Amino-acid biosynthesis; OBSOLETE biosynthesis.,4,16,obsolete_placeholder,True,Mto2_bdg domain-containing protein,0.2047546950224154,False,cellular_component,0.9642,10,8,129,720
B9J08_003511,pathway,Carbohydrate metabolism; OBSOLETE degradation.,4,4,obsolete_placeholder,True,Protein C10,0.2138567250064131,False,cellular_component,0.7685,10,5,70,143
B9J08_003539,pathway,Amino-acid biosynthesis; OBSOLETE biosynthesis.,4,16,obsolete_placeholder,True,J domain-containing protein,0.1219353831442336,False,cellular_component,0.924,9,3,22,297
B9J08_003551,pathway,Anchor biosynthesis; OBSOLETE biosynthesis.,4,10,obsolete_placeholder,True,Flo11 domain-containing protein,0.1187788719330954,False,cellular_component,0.9975,8,5,68,775
B9J08_003601,pathway,Lipid metabolism; OBSOLETE biosynthesis.,4,3,obsolete_placeholder,True,U4/U6.U5 small nuclear ribonucleoprotein 27 kDa protein,0.0787196487871872,False,cellular_component,0.8429,12,4,8,165
B9J08_003636,pathway,Protein modification; protein OBSOLETE biosynthesis.,5,4,obsolete_placeholder,True,Mediator of RNA polymerase II transcription subunit 9,0.0326773234678103,False,biological_process,0.7385,12,3,22,147
B9J08_003644,pathway,Amine and polyamine metabolism; OBSOLETE biosynthesis.,6,2,obsolete_placeholder,True,DDE_Tnp_1_7 domain-containing protein,0.064496201481813,False,cellular_component,0.7595,11,5,8,146
B9J08_003672,pathway,Lipid metabolism; OBSOLETE biosynthesis.,4,3,obsolete_placeholder,True,ABC transporter ATP-binding protein,0.1128414260391615,False,membrane part,0.9514,10,2,4,119
B9J08_003723,pathway,Amine and polyamine metabolism; OBSOLETE biosynthesis.,6,2,obsolete_placeholder,True,Cyclin,0.052892755964349,False,biological_process,0.9335,14,12,22,359
B9J08_003794,pathway,Cofactor biosynthesis; OBSOLETE biosynthesis.,4,47,obsolete_placeholder,True,Hypothetical protein,0.0289717434431869,True,cellular_component,0.9345,10,7,21,639
B9J08_004002,pathway,Carbohydrate metabolism; OBSOLETE biosynthesis.,4,38,obsolete_placeholder,True,2OG-FeII_Oxy_2 domain-containing protein,0.1419125054667971,False,biological_process,0.9279,9,8,24,554
B9J08_004056,pathway,Cofactor biosynthesis; OBSOLETE biosynthesis.,4,47,obsolete_placeholder,True,"39S ribosomal protein L50, mitochondrial",0.0595587842880362,False,hydrolase activity,0.7485,13,13,18,392
B9J08_004084,pathway,Anchor biosynthesis; OBSOLETE biosynthesis.,4,10,obsolete_placeholder,True,Secreted protein,0.0586056415705024,False,cellular_component,0.9948,10,7,6,229
B9J08_004087,pathway,Carbohydrate metabolism; OBSOLETE biosynthesis.,4,38,obsolete_placeholder,True,Uds1 domain-containing protein,0.1146556182336761,False,biological_process,0.9458,15,15,16,403
B9J08_004093,pathway,Cofactor biosynthesis; OBSOLETE biosynthesis.,4,47,obsolete_placeholder,True,DUF3945 domain-containing protein,0.0264813513577582,False,biological_process,0.7287,13,8,28,237
B9J08_004107,pathway,Cofactor biosynthesis; OBSOLETE biosynthesis.,4,47,obsolete_placeholder,True,Hypothetical protein,0.0502631994002683,True,cellular_component,0.764,9,0,2,171
B9J08_004159,pathway,Carbohydrate metabolism; OBSOLETE biosynthesis.,4,38,obsolete_placeholder,True,Band_3_cyto domain-containing protein,0.0486559040277506,False,biological_process,0.7595,9,1,19,215
B9J08_004174,pathway,Carbohydrate metabolism; OBSOLETE biosynthesis.,4,38,obsolete_placeholder,True,THAP-type domain-containing protein,0.054952538100487,False,biological_process,0.7763,11,8,10,245
B9J08_004179,pathway,Carbohydrate metabolism; OBSOLETE degradation.,4,4,obsolete_placeholder,True,Gypsy-type retrotransposon protein,0.0239750631549155,False,cellular_component,0.7452,13,5,20,217
B9J08_004186,pathway,Cofactor biosynthesis; OBSOLETE biosynthesis.,4,47,obsolete_placeholder,True,Pentatricopeptide repeat-containing protein,0.1554247288659271,False,cellular_component,0.9679,10,10,23,597
B9J08_004187,pathway,Cofactor biosynthesis; OBSOLETE biosynthesis.,4,47,obsolete_placeholder,True,Coupling of ubiquitin conjugation to ER degradation protein 1,0.1146479370666678,False,integral component of membrane,0.8931,9,2,23,152
B9J08_004257,pathway,Amino-sugar metabolism; OBSOLETE biosynthesis.,4,2,obsolete_placeholder,True,SHR-BD domain-containing protein,0.0506683621097692,False,cellular_component,0.8571,12,2,8,284
B9J08_004270,pathway,Carbohydrate metabolism; OBSOLETE biosynthesis.,4,38,obsolete_placeholder,True,UBC core domain-containing protein,0.1805093479288949,False,biological_process,0.956,11,11,5,970
B9J08_004275,pathway,Cofactor biosynthesis; OBSOLETE biosynthesis.,4,47,obsolete_placeholder,True,Transmembrane protein,0.0768002125974801,False,cellular_component,0.9459,11,11,36,390
B9J08_004282,pathway,Cofactor biosynthesis; OBSOLETE biosynthesis.,4,47,obsolete_placeholder,True,Nucleic acid binding protein,0.0642938188397268,False,biological_process,0.9088,12,4,5,263
B9J08_004358,pathway,Carbohydrate metabolism; OBSOLETE biosynthesis.,4,38,obsolete_placeholder,True,Hypothetical_protein,0.1900852295056885,True,biological_process,0.8183,13,6,20,530
B9J08_004387,pathway,Amine and polyamine metabolism; OBSOLETE biosynthesis,6,1,obsolete_placeholder,True,SH2 domain-containing protein,0.03133244463155,False,biological_process,0.8952,16,16,7,534
B9J08_004390,pathway,Cofactor metabolism; OBSOLETE biosynthesis.,4,1,obsolete_placeholder,True,TRNA:m(4)X modification enzyme TRM13,0.0978391276121986,False,biological_process,0.6317,12,4,8,201
B9J08_004418,pathway,Cofactor biosynthesis; OBSOLETE biosynthesis.,4,47,obsolete_placeholder,True,(thale cress) hypothetical protein,0.0609601042246846,False,cellular_component,0.9314,12,7,5,150
B9J08_004422,pathway,Protein modification; protein OBSOLETE biosynthesis.,5,4,obsolete_placeholder,True,TPR_REGION domain-containing protein,0.628297275517086,False,cellular_component,0.873,12,5,10,447
B9J08_004442,pathway,Carbohydrate metabolism; OBSOLETE biosynthesis.,4,38,obsolete_placeholder,True,Seipin,0.8481737654276187,False,cellular_component,0.9712,13,13,23,282
B9J08_004453,pathway,Carbohydrate metabolism; OBSOLETE biosynthesis.,4,38,obsolete_placeholder,True,JmjC domain-containing protein,0.176061732048121,False,biological_process,0.9316,12,12,8,476
B9J08_004455,pathway,Amino-acid biosynthesis; OBSOLETE biosynthesis.,4,16,obsolete_placeholder,True,Histone acetyltransferase,0.0698600669194775,False,cellular_component,0.8912,13,10,8,615
B9J08_004465,pathway,Carbohydrate metabolism; OBSOLETE biosynthesis.,4,38,obsolete_placeholder,True,Fibroin heavy chain,0.0744942911482251,False,cellular_component,0.9501,8,3,28,547
B9J08_004623,pathway,Purine metabolism; OBSOLETE biosynthesis.,4,2,obsolete_placeholder,True,Hypothetical_protein,0.1375787697787762,True,biological_process,0.6975,13,4,9,377
B9J08_004698,pathway,Purine metabolism; OBSOLETE biosynthesis.,4,2,obsolete_placeholder,True,Hypothetical_protein,0.0077822644944187,True,cell part,0.7029,10,1,6,270
B9J08_004711,pathway,Amino-acid biosynthesis; OBSOLETE biosynthesis.,4,16,obsolete_placeholder,True,(thale cress) hypothetical protein,0.1324433849834796,False,organelle part,0.7105,13,5,7,163
B9J08_004732,pathway,Cofactor biosynthesis; OBSOLETE biosynthesis.,4,47,obsolete_placeholder,True,Thioredoxin-like_fold domain-containing protein,0.3780460222177817,False,cellular_component,0.7849,12,6,16,211
B9J08_004765,pathway,Amino-acid biosynthesis; OBSOLETE biosynthesis.,4,16,obsolete_placeholder,True,Transcription initiation factor SL1/TIF-IB subunit D,0.043472953082225,False,cellular_component,0.963,14,11,10,433
B9J08_004779,pathway,Amino-acid biosynthesis; OBSOLETE biosynthesis.,4,16,obsolete_placeholder,True,C2H2-type domain-containing protein,0.031572880663729,False,cellular_component,0.9814,10,10,5,660
B9J08_004780,pathway,Cofactor biosynthesis; OBSOLETE biosynthesis.,4,47,obsolete_placeholder,True,"ATPase expression protein 2, mitochondrial",0.5639391175361558,False,cellular_component,0.9196,15,15,23,399
B9J08_004863,pathway,Glycan metabolism; OBSOLETE biosynthesis.,4,12,obsolete_placeholder,True,Secreted protein,0.1004743314049411,False,cellular_component,0.9956,13,11,3,94
B9J08_004894,pathway,Protein modification; protein OBSOLETE biosynthesis.,5,4,obsolete_placeholder,True,Secreted protein,0.10056266815076,False,biological_process,0.796,14,3,18,123
B9J08_004922,pathway,Carbohydrate metabolism; OBSOLETE biosynthesis.,4,38,obsolete_placeholder,True,MIF4G domain-containing protein,0.4078246894733213,False,biological_process,0.8198,12,5,23,155
B9J08_004942,pathway,Cofactor biosynthesis; OBSOLETE biosynthesis.,4,47,obsolete_placeholder,True,PCI domain-containing protein,0.1099018796405151,False,cellular_component,0.9129,13,13,19,326
B9J08_004945,pathway,Gas metabolism; OBSOLETE biosynthesis.,4,1,obsolete_placeholder,True,BBP1_C domain-containing protein,0.2872737461923486,False,cellular_component,0.7552,11,5,8,195
B9J08_005006,pathway,Carbohydrate metabolism; OBSOLETE biosynthesis.,4,38,obsolete_placeholder,True,Inhibitor_I29 domain-containing protein,0.0312727024132974,False,cellular_component,0.9587,11,8,8,281
B9J08_005014,pathway,Carbohydrate metabolism; OBSOLETE biosynthesis.,4,38,obsolete_placeholder,True,Protein roadkill,0.0172102172618045,False,cellular_component,0.9329,13,11,22,438
B9J08_005147,pathway,Carbohydrate metabolism; OBSOLETE biosynthesis.,4,38,obsolete_placeholder,True,Hypothetical protein,0.0861975964069831,True,biological_process,0.7713,10,3,15,147
B9J08_005182,pathway,Amino-acid biosynthesis; OBSOLETE biosynthesis.,4,16,obsolete_placeholder,True,B2 protein,0.0546697473210978,False,cellular_component,0.8994,11,1,16,512
B9J08_005296,pathway,Carbohydrate metabolism; OBSOLETE biosynthesis.,4,38,obsolete_placeholder,True,"39S ribosomal protein L50, mitochondrial",0.1241279104733905,False,cell part,0.9306,14,14,23,183
B9J08_005389,pathway,Carbohydrate metabolism; OBSOLETE biosynthesis.,4,38,obsolete_placeholder,True,Myb-like domain-containing protein,0.3040485244915396,False,cellular_component,0.796,12,7,22,704
B9J08_005479,pathway,Carbohydrate metabolism; OBSOLETE biosynthesis.,4,38,obsolete_placeholder,True,Hypothetical_protein,0.0412730498529797,True,biological_process,0.8647,12,8,8,348
B9J08_005534,pathway,Carbohydrate metabolism; OBSOLETE biosynthesis.,4,38,obsolete_placeholder,True,Rho-GAP domain-containing protein,0.0342904848481421,False,biological_process,0.8074,11,1,20,462
B9J08_005538,pathway,Amino-acid biosynthesis; OBSOLETE biosynthesis.,4,16,obsolete_placeholder,True,RMI1_C domain-containing protein,0.0801548882822499,False,cellular_component,0.8811,11,5,5,312
B9J08_005557,pathway,Glycan metabolism; OBSOLETE biosynthesis.,4,12,obsolete_placeholder,True,Secreted protein,0.0486174172923334,False,cellular_component,0.9806,14,9,43,184
B9J08_005559,pathway,Glycan metabolism; OBSOLETE biosynthesis.,4,12,obsolete_placeholder,True,Secreted protein,0.06064273988704,False,cellular_component,0.9319,12,5,43,166
B9J08_005560,pathway,Glycan metabolism; OBSOLETE biosynthesis.,4,12,obsolete_placeholder,True,Secreted protein,0.0878232230697322,False,cellular_component,0.9241,12,7,43,176
B9J08_005561,pathway,Glycan metabolism; OBSOLETE biosynthesis.,4,12,obsolete_placeholder,True,Fit2p,0.080710837456121,False,cellular_component,0.9741,14,14,43,173
B9J08_005576,pathway,Glucan metabolism; OBSOLETE biosynthesis.,4,2,obsolete_placeholder,True,Lipase_3 domain-containing protein,0.5573986292051515,False,cellular_component,0.9779,10,7,8,541
B9J08_000070,pathway,Photosynthesis; C4 acid pathway.,4,13,photosynthesis_or_chloroplast,True,BHLH domain-containing protein,0.032766307193276,False,cellular_component,0.8885,13,13,22,665
B9J08_000295,pathway,Energy metabolism; photosynthesis.,3,3,photosynthesis_or_chloroplast,True,"ATP synthase subunit e, mitochondrial",0.2402549574250947,False,cellular_component,0.9959,13,13,21,115
B9J08_001666,pathway,Photosynthesis; C4 acid pathway.,4,13,photosynthesis_or_chloroplast,True,Spindle assembly checkpoint component MAD1,0.0309522123043406,False,biological_process,0.8904,13,9,162,521
B9J08_002475,pathway,Photosynthesis; C4 acid pathway.,4,13,photosynthesis_or_chloroplast,True,RNA helicase,0.0613808707633276,False,biological_process,0.8013,14,6,580,998
B9J08_003181,pathway,Energy metabolism; photosynthesis.,3,3,photosynthesis_or_chloroplast,True,Hypothetical protein,0.0714725342468079,True,biological_process,0.6744,12,4,3,115
B9J08_003191,pathway,Photosynthesis; C4 acid pathway.,4,13,photosynthesis_or_chloroplast,True,Topoisomerase I damage affected protein 2,0.0472279264457054,False,cellular_component,0.9089,10,5,9,373
B9J08_003419,pathway,Energy metabolism; photosynthesis.,3,3,photosynthesis_or_chloroplast,True,Cell wall surface anchor family protein,0.0341912148756549,False,cellular_component,0.9373,12,9,22,222
B9J08_003532,pathway,Photosynthesis; C4 acid pathway.,4,13,photosynthesis_or_chloroplast,True,Membrane-associated kinase regulator 6,0.0595393193781641,False,cell part,0.7871,11,4,11,330
B9J08_003651,pathway,Photosynthesis; C4 acid pathway.,4,13,photosynthesis_or_chloroplast,True,Mitochondrial inner membrane i-AAA protease complex subunit,0.1808390737577964,False,cellular_component,0.9539,15,15,26,250
B9J08_003970,pathway,Photosynthesis; C4 acid pathway.,4,13,photosynthesis_or_chloroplast,True,AMP-binding domain-containing protein,0.5573889280137649,False,cellular_component,0.9214,11,4,254,488
B9J08_004034,pathway,Photosynthesis; C4 acid pathway.,4,13,photosynthesis_or_chloroplast,True,Similar to,0.0576611669464263,True,cellular_component,0.9146,11,10,21,251
B9J08_004037,pathway,Photosynthesis; C4 acid pathway.,4,13,photosynthesis_or_chloroplast,True,Hypothetical_protein,0.1082748321156296,True,cellular_component,0.8458,10,1,22,202
B9J08_004354,pathway,Photosynthesis; C4 acid pathway.,4,13,photosynthesis_or_chloroplast,True,F-box protein At2g16365-like,0.2121558796053565,False,biological_process,0.7623,13,2,4,236
B9J08_004379,pathway,Photosynthesis; C4 acid pathway.,4,13,photosynthesis_or_chloroplast,True,Hypothetical protein,0.56572105005162,True,cellular_component,0.8731,12,7,21,241
B9J08_004688,pathway,Photosynthesis; C4 acid pathway.,4,13,photosynthesis_or_chloroplast,True,"Transcription elongation factor, mitochondrial",0.072359094668813,False,host cell part,0.6499,15,12,22,270
B9J08_005066,pathway,Photosynthesis; C4 acid pathway.,4,13,photosynthesis_or_chloroplast,True,Serine-rich adhesin for platelets,0.0999482018650858,False,cellular_component,0.8753,13,8,307,1288
B9J08_002031,subunit,: Interacts with host ARF5; this interaction inhibits viral particle release and thus allows particle release. ; SUBUNIT: : Interacts with host ARF6; this interaction inhibits host immune response. ; SUBUNIT: : Interacts with host ARF7; this interaction inhibits host immune response. ; SUBUNIT: : Interacts with host DPP4; this interaction inhibits host immune response. ; SUBUNIT: : Interacts with host DCTN3.,62,1,bacterial_or_viral_context; extreme_length_outlier,True,Secreted protein,0.0963831950234432,False,cellular_component,0.7309,15,3,14,239
B9J08_000295,subunit,"Component of the ubiquinol-cytochrome c oxidoreductase, a multisubunit enzyme composed of 11 subunits. The complex is composed of 3 respiratory subunits cytochrome b, cytochrome c1 and Rieske protein UQCRFS1, 2 core protein subunits UQCRC1/QCR1 and UQCRC2/QCR2, and 6 low-molecular weight protein subunits UQCRH/QCR6, UQCRB/QCR7, UQCRQ/QCR8, UQCR10/QCR9, UQCR11/QCR10 and subunit 9, the cleavage product of Rieske protein UQCRFS1 The complex exists as an obligatory dimer and forms supercomplexes in the inner mitochondrial membrane with NADH-ubiquinone oxidoreductase and cytochrome c oxidase, resulting in different assemblies IIIIV and megacomplex MCIIIIIV) Interacts with BRAWNIN",90,1,extreme_length_outlier,True,"ATP synthase subunit e, mitochondrial",0.2402549574250947,False,cellular_component,0.9959,13,13,21,115
B9J08_000502,subunit,Probably forms part of the preprotein translocase complex of the outer mitochondrial membrane which consists of at least 8 different proteins,21,1,extreme_length_outlier,True,Transmembrane protein,0.1139199974261049,False,cellular_component,0.9829,15,15,21,134
B9J08_000540,subunit,"Interacts with the P-TEFb complex composed at least of Tat, P-TEFb, TAR RNA, RNA Pol II. Recruited to chromatin in mitotic chromosomes during mitosis through interaction with TARBP2; facilitates TARBP2-mediated TARBP2-mediated TARBP2-mediated TARBP2-mediated TARBP2-mediated TARBP2-mediated TARBP2-mediated TARBP2-mediated TARBP2 transport to the nucleus via interaction with TARBP2",46,1,extreme_length_outlier,True,DNA helicase,0.039128204779344,False,biological_process,0.713,14,1,7,233
B9J08_000846,subunit,"Homodimer. Component of the cytochrome c oxidase, a multisubunit enzyme composed of 14 subunits. The complex is composed of a catalytic core of 3 subunits MT-CO1, MT-CO2 and MT-CO3, encoded in the mitochondrial DNA, and 11 supernumerary subunits COX4I, COX5A, COX5B, COX6A, COX6B, COX6C, COX7A, COX7B, COX7C, COX8 and NDUFA4, which are encoded in the nuclear genome. The complex exists as a monomer or a dimer and forms supercomplexes in the inner mitochondrial membrane with NADH-ubiquinone oxidoreductase and ubiquinol-cytochrome c oxidoreductase, resulting in different assemblies IIIIV and megacomplex MCIIIIIV).",89,1,extreme_length_outlier,True,Hypothetical protein,0.0389748778016567,True,cell part,0.9104,14,11,18,93
B9J08_000940,subunit,Interacts with B'THETA and B'THETA ; the interaction is independent of B'THETA phosphorylation and activates B'THETA kinase activity.,18,1,extreme_length_outlier,True,RGS domain-containing protein,0.6766388068338786,False,cellular process,0.5708,10,0,8,306
B9J08_001054,subunit,"Homodimer. Interacts with Arp2 Archaeal-type flagellum, archaeal-type flagellum, Archaeal-type flagellum, Archaeal-type flagellum, Archaeal-type flagellum, Archaeal-type flagellum, Archaeal-type flagellum, Archaeal-type flagellum, Archaeal-type flagellum, Archaeal-S and Archaeal-S.",25,1,extreme_length_outlier,True,Secreted protein,0.1130634365428778,False,cellular_component,0.8037,15,2,18,123
B9J08_001147,subunit,"Homodimer or homooligomer. Component of the mitochondrial contact site and cristae organizing system complex, composed of at least MICOS10/MIC10, CHCHD3/MIC19, CHCHD6/MIC25, APOOL/MIC27, IMMT/MIC60, APOO/MIC23/MIC26 and QIL1/MIC13. This complex was also known under the names MINOS or MitOS complex. The MICOS complex associates with mitochondrial membrane proteins SAMM50, MTX1 and MTX2 complex) and DNAJC11, mitochondrial membrane protein TMEM11 and with HSPA9. The MICOS and SAM complexes together with DNAJC11 are part of a large protein complex spanning both membranes termed the mitochondrial intermembrane space bridging complex.",85,1,extreme_length_outlier,True,Conserved protein,0.0657849454277132,True,cellular_component,0.9942,13,13,22,109
B9J08_001470,subunit,"Homodimer or homotetramer. Interacts with BBS1, BBS2, BBS4, BBS5, BBS7, BBS8/TTC8, BBS9 and BBIP10. Interacts with DNAJB4. Interacts with ANKRD6.",20,1,extreme_length_outlier,True,PH domain-containing protein,0.0459203007025439,False,cell part,0.9549,13,12,23,524
B9J08_001486,subunit,"Component of the SWR1 complex composed of at least ACT1, ARP4, RVS1, RVS2, TAF14, NHP10, YAF9, VPS41 and VPS52.",19,1,extreme_length_outlier,True,RWD domain-containing protein,0.384642320065257,False,cellular_component,0.8903,13,6,471,427
B9J08_001556,subunit,"Core component of the spliceosomal U5, U6 and U5 small nuclear ribonucleoproteins, the building blocks of the spliceosome.",18,1,extreme_length_outlier,True,Hypothetical protein,0.073293688916432,True,cellular_component,0.9677,14,14,21,239
B9J08_001666,subunit,"Component of the BBSome complex, at least composed of BBS1, BBS2, BBS4, BBS5, BBS7, BBS8/TTC8, BBS9 and BBIP10. Interacts with BBS7.",21,1,extreme_length_outlier,True,Spindle assembly checkpoint component MAD1,0.0309522123043406,False,biological_process,0.8904,13,9,162,521
B9J08_002163,subunit,"Heterodimer of OSBPL1 and OSBPL2, which forms the mitochondrial membrane ribosome. OSBPL1 is required to recruit OSBPL1 into the mitochondrion.",20,1,extreme_length_outlier,True,Transmembrane protein,0.0802671640872084,False,cellular_component,0.9855,14,14,24,113
B9J08_002561,subunit,"Identified in a complex with CDC42BPA, CDC42BPB and MICAL1; within this complex, directly interacts with CDC42BPA and MICAL1. Interacts with FBLN7",21,1,extreme_length_outlier,True,GPI anchored protein,0.0695690625413913,False,cellular_component,0.9614,10,1,0,190
B9J08_002592,subunit,Interacts with gI; this interaction enhances the Fc receptor function of gE The heterodimer gE/gI interacts with the Fc part of host IgG,23,1,extreme_length_outlier,True,Melanoma antigen recognized by T-cells 1,0.0310564839361442,False,cellular_component,0.9948,12,9,21,121
B9J08_002616,subunit,Forms a cylinder of 14 subunits composed of two heptameric rings stacked back-to-back. Interacts with the co-chaperonin GroES.,18,2,extreme_length_outlier,True,Transferrin-like domain-containing protein,0.1697036989206472,False,biological_process,0.7417,10,0,40,305
B9J08_003110,subunit,"Regulatory subunit of the sodium/potassium-transporting ATPase which is composed of a catalytic alpha subunit, an auxiliary non-catalytic beta subunit and an additional regulatory subunit.",24,1,extreme_length_outlier,True,"Transmembrane protein,",0.0144206817065644,False,cellular_component,0.94,16,14,1,72
B9J08_004007,subunit,": Interacts with host ARF1, ARF5 and ARF6. ; SUBUNIT: : Interacts with host KPNB1. ; SUBUNIT: : Interacts with host KPNB2. ; SUBUNIT: : Interacts with host KPNB1. ; SUBUNIT: : Interacts with host KPNB2. ; SUBUNIT: : Interacts with host KPNB1.",43,1,extreme_length_outlier,True,Pecanex-like protein,0.2176258614603022,False,cellular_component,0.806,13,5,8,202
B9J08_004102,subunit,"Homodimer. Interacts with Archaeal-type flagellum, archaeal-type flagellum, Archaeal-type flagellum, Archaeal-type flagellum, Archaeal-type flagellum, Archaeal-type flagellum, Archaeal-type flagellum, Archaeal-type flagellum, Archaeal-type flagellum, Archaeal-type flagellum, Archaeal-L and Archaeal-L.",26,1,extreme_length_outlier,True,Secreted protein,0.075096137093616,False,cellular_component,0.7889,12,2,18,123
B9J08_004148,subunit,Forms a cylinder of 14 subunits composed of two heptameric rings stacked back-to-back. Interacts with the co-chaperonin GroES.,18,2,extreme_length_outlier,True,Opaque-phase-specific protein OP4,0.8145197206860652,False,cellular_component,0.9424,10,0,21,336
B9J08_004777,subunit,"Component of the DREAM complex at least composed of E2F4, E2F5, LIN9, LIN37, LIN52, LIN54, MYBL1, MYBL2, RBL1, RBL2, RBBP4, TRBL1 and TRBL2.",23,1,extreme_length_outlier,True,Hypothetical protein,0.0867117506075276,True,biological_process,0.6162,15,9,3,167
B9J08_005164,subunit,"Core component of the spliceosomal U1, U2, U4 and U5 small nuclear ribonucleoproteins, the building blocks of the spliceosome Interacts with SLBP",22,1,extreme_length_outlier,True,General stress protein,0.0203235276485212,False,cellular_component,0.7884,12,5,20,151
B9J08_005439,subunit,"Component of the Mediator complex, which includes at least CDK8, MED4, MED6, MED11, MED14, MED17, MED18, MED20, MED21, MED22, MED27, MED28, MED30 and MED31.",24,1,extreme_length_outlier,True,Mediator complex subunit 4,0.0953382302092074,False,cell part,0.9133,14,14,27,317
B9J08_005502,subunit,"Component of the CSN complex, probably composed of cops1, cops2, cops3, cops4, cops5, cops6, cops7, cops8 and cops9.",18,1,extreme_length_outlier,True,Signal recognition particle subunit SRP72,0.093116112515889,False,cellular_component,0.9425,12,2,183,509
B9J08_001050,subunit,Interacts with human Pseudomonas syringae type III effector HopU2.,9,1,metazoan_or_clinical_context,True,DBR1 domain-containing protein,0.0390635903164645,False,interaction with host,0.7697,15,12,4,185
B9J08_005063,subunit,Interacts with human KDR.,4,1,metazoan_or_clinical_context,True,ABC transmembrane type-1 domain-containing protein,0.0999565187094824,False,membrane part,0.8544,13,2,8,120
B9J08_000441,subunit,Interacts with the ligand binding domain of the thyroid receptor in the presence of thyroid hormone. May interact with thyroid hormone in the presence of thyroid hormone.,27,1,metazoan_or_clinical_context; extreme_length_outlier,True,Myb_DNA-bind_5 domain-containing protein,0.1903197683468877,False,cellular_component,0.8,12,4,18,281
B9J08_000891,subunit,: Homotrimer. Interacts with human PSEN1 and PSEN2 ; SUBUNIT: : Self-associates. ; SUBUNIT: : Self-associates. ; SUBUNIT: : Self-associates. ; SUBUNIT: : Self-associates.,24,1,metazoan_or_clinical_context; extreme_length_outlier,True,Integrase_SAM-like_N domain-containing protein,0.1667700097873174,False,interspecies interaction between organisms,0.4758,17,0,3,155
B9J08_000052,subunit,Interacts with OBSOLETE.,3,42,obsolete_placeholder,True,Hypothetical protein,0.1909717070597697,True,cellular_component,0.9534,11,8,22,196
B9J08_000158,subunit,Interacts with OBSOLETE.,3,42,obsolete_placeholder,True,"Transmembrane protein,",0.0365017091136658,False,cellular_component,0.7791,10,3,18,186
B9J08_000221,subunit,"OBSOLETE is composed of three subunits: class I, beta and gamma.",11,1,obsolete_placeholder,True,Secreted protein,0.0337153123924241,False,cellular_component,0.7424,11,0,9,160
B9J08_000336,subunit,Interacts with OBSOLETE.,3,42,obsolete_placeholder,True,Filaggrin,0.0342685325153659,False,biological_process,0.963,15,15,25,1649
B9J08_000369,subunit,Interacts with OBSOLETE.,3,42,obsolete_placeholder,True,Hypothetical protein,0.0305005010118919,True,cellular_component,0.7364,10,2,3,105
B9J08_000429,subunit,"OBSOLETE is composed of at least four subunits: alpha, beta, delta, and gamma.",13,1,obsolete_placeholder,True,Aminopeptidase,0.0467717486470378,False,intracellular part,0.9018,12,12,28,371
B9J08_000481,subunit,Interacts with OBSOLETE.,3,42,obsolete_placeholder,True,NADH dehydrogenase [ubiquinone] 1 alpha subcomplex subunit 13,0.261474502577451,False,cellular_component,0.9856,11,11,25,237
B9J08_000586,subunit,Interacts with OBSOLETE Tetramer of 2 light chains and 2 heavy chains,12,1,obsolete_placeholder,True,COX6C domain-containing protein,0.0232384917577975,False,cellular_component,0.9739,12,12,22,150
B9J08_000597,subunit,Interacts with OBSOLETE.,3,42,obsolete_placeholder,True,Transmembrane protein,0.1309740781936298,False,cellular_component,0.9791,9,8,7,473
B9J08_000608,subunit,Interacts with OBSOLETE.,3,42,obsolete_placeholder,True,DUF2012 domain-containing protein,0.8305055004871009,False,cellular_component,0.9564,13,8,22,244
B9J08_000652,subunit,Interacts with OBSOLETE.,3,42,obsolete_placeholder,True,MMPL domain-containing protein,0.1203971027112557,False,cellular_component,0.9327,11,3,8,255
B9J08_000664,subunit,Interacts with OBSOLETE.,3,42,obsolete_placeholder,True,COPI associated protein,0.0564062406896225,False,cellular_component,0.9901,10,4,12,391
B9J08_000817,subunit,Interacts with OBSOLETE Tetramer of 2 alpha and 2 beta chains.,11,1,obsolete_placeholder,True,NAM-associated domain-containing protein,0.082233340571057,False,cellular_component,0.8309,12,5,10,94
B9J08_000834,subunit,Interacts with OBSOLETE.,3,42,obsolete_placeholder,True,Hypothetical_protein,0.0956244027734983,True,cellular_component,0.8446,11,2,23,421
B9J08_000919,subunit,Interacts with OBSOLETE.,3,42,obsolete_placeholder,True,GPI-anchored protein,0.1586656735350159,False,cellular_component,0.9633,9,6,19,234
B9J08_000931,subunit,Interacts with OBSOLETE; interaction is dependent on the GTP-bound form of OBSOLETE.,12,1,obsolete_placeholder,True,Pecanex-like protein,0.1165198946933235,False,cellular_component,0.9596,12,8,5,669
B9J08_001214,subunit,Interacts with OBSOLETE.,3,42,obsolete_placeholder,True,EC:2.7.11.1,0.1197055001060787,False,cellular_component,0.9544,15,15,22,588
B9J08_001481,subunit,Interacts with OBSOLETE.,3,42,obsolete_placeholder,True,Vesicle transport protein,0.0892405288831098,False,membrane part,0.9708,11,11,1,278
B9J08_001548,subunit,Interacts with OBSOLETE.,3,42,obsolete_placeholder,True,MFS_1_like domain-containing protein,0.127270387342939,False,cellular_component,0.9808,11,10,1864,136
B9J08_001680,subunit,Interacts with OBSOLETE.,3,42,obsolete_placeholder,True,(thale cress) hypothetical protein,0.0597807440188624,False,cellular_component,0.9045,9,3,17,118
B9J08_002036,subunit,Interacts with OBSOLETE.,3,42,obsolete_placeholder,True,Peroxisomal membrane protein PEX17,0.0300676235296841,False,transport,0.8687,16,16,24,466
B9J08_002055,subunit,Interacts with OBSOLETE.,3,42,obsolete_placeholder,True,Transmembrane protein,0.0568836740559475,False,biological_process,0.9255,10,7,8,185
B9J08_002156,subunit,Binds to OBSOLETE.,3,2,obsolete_placeholder,True,Nuclear pore complex protein Nup85,0.3163966144756256,False,cellular_component,0.8225,18,18,18,537
B9J08_002228,subunit,Interacts with OBSOLETE.,3,42,obsolete_placeholder,True,Transmembrane protein,0.1299995779178775,False,cellular_component,0.9586,9,3,6,127
B9J08_002244,subunit,Interacts with OBSOLETE.,3,42,obsolete_placeholder,True,Cell wall protein,0.0423984557178173,False,cellular_component,0.9734,10,3,7,157
B9J08_002296,subunit,Interacts with OBSOLETE.,3,42,obsolete_placeholder,True,Hypothetical_protein,0.0478844476997291,True,cellular_component,0.9887,12,7,25,196
B9J08_002372,subunit,Interacts with OBSOLETE.,3,42,obsolete_placeholder,True,Translocon-associated protein subunit gamma,0.0466182587149577,False,cellular_component,0.9466,11,2,14,111
B9J08_002498,subunit,Interacts with OBSOLETE.,3,42,obsolete_placeholder,True,"Transmembrane protein,",0.0602649392114157,False,membrane part,0.9239,13,3,6,174
B9J08_002541,subunit,Interacts with OBSOLETE.,3,42,obsolete_placeholder,True,Protein kinase domain-containing protein,0.0348336454676432,False,intrinsic component of membrane,0.9848,10,10,23,481
B9J08_002624,subunit,OBSOLETE is a heterodimer of an alpha and a beta chain.,11,1,obsolete_placeholder,True,Transposase,0.077917833826814,False,biological_process,0.8093,13,2,2,67
B9J08_002968,subunit,Interacts with OBSOLETE.,3,42,obsolete_placeholder,True,MARVEL domain-containing protein,0.8800758666034663,False,cellular_component,0.9783,9,9,9,228
B9J08_003012,subunit,OBSOLETE is a homodimer.,4,1,obsolete_placeholder,True,Cell division cycle protein 123,0.0358051423972591,False,biological_process,0.7875,15,3,22,233
B9J08_003181,subunit,Interacts with OBSOLETE.,3,42,obsolete_placeholder,True,Hypothetical protein,0.0714725342468079,True,biological_process,0.6744,12,4,3,115
B9J08_003270,subunit,Interacts with OBSOLETE.,3,42,obsolete_placeholder,True,Hypothetical protein,0.0852718438276155,True,cellular_component,0.9809,13,13,8,293
B9J08_003325,subunit,Interacts with OBSOLETE.,3,42,obsolete_placeholder,True,(pine wood nematode) hypothetical protein,0.0903039428325555,False,cellular_component,0.9852,11,4,8,429
B9J08_003333,subunit,Interacts with OBSOLETE.,3,42,obsolete_placeholder,True,Secreted phosphoprotein 1,0.0460545140199246,False,cellular_component,0.9479,12,3,8,336
B9J08_003334,subunit,Interacts with OBSOLETE.,3,42,obsolete_placeholder,True,Secreted phosphoprotein 1,0.0713010244493627,False,cellular_component,0.8929,11,2,8,262
B9J08_003419,subunit,OBSOLETE is composed of at least two subunits: MRPP1 and MRPP2. MRPP1 interacts with the MRPP2 homodimer.,17,1,obsolete_placeholder,True,Cell wall surface anchor family protein,0.0341912148756549,False,cellular_component,0.9373,12,9,22,222
B9J08_003468,subunit,Binds OBSOLETE.,2,1,obsolete_placeholder,True,"ATP synthase subunit e, mitochondrial",0.0968025853107058,False,cellular_component,0.7582,17,17,22,141
B9J08_003483,subunit,Binds to OBSOLETE.,3,2,obsolete_placeholder,True,MitMem_reg domain-containing protein,0.0944729698450439,False,biological_process,0.9737,13,13,22,306
B9J08_003491,subunit,Interacts with SORL1 ; this interaction is required for OBSOLETE localization to the cilium membrane.,15,1,obsolete_placeholder,True,F-box/LRR-repeat protein,0.086256989011522,False,biological_process,0.7283,11,4,8,284
B9J08_004084,subunit,Interacts with OBSOLETE.,3,42,obsolete_placeholder,True,Secreted protein,0.0586056415705024,False,cellular_component,0.9948,10,7,6,229
B9J08_004296,subunit,Interacts with OBSOLETE.,3,42,obsolete_placeholder,True,SURF1-like protein,0.1812992035852889,False,biological_process,0.8607,12,2,11,78
B9J08_004416,subunit,Interacts with OBSOLETE.,3,42,obsolete_placeholder,True,BRICHOS domain-containing protein,0.0819486462824273,False,cellular_component,0.9031,11,7,8,233
B9J08_004418,subunit,Interacts with OBSOLETE.,3,42,obsolete_placeholder,True,(thale cress) hypothetical protein,0.0609601042246846,False,cellular_component,0.9314,12,7,5,150
B9J08_004442,subunit,Interacts with OBSOLETE.,3,42,obsolete_placeholder,True,Seipin,0.8481737654276187,False,cellular_component,0.9712,13,13,23,282
B9J08_004575,subunit,Interacts with OBSOLETE.,3,42,obsolete_placeholder,True,Monopolar spindle protein 2,0.1031900079992807,False,membrane part,0.9639,10,5,12,321
B9J08_004614,subunit,Interacts with OBSOLETE.,3,42,obsolete_placeholder,True,Transmembrane protein,0.3137796494042669,False,cellular_component,0.9866,11,10,5,326
B9J08_004615,subunit,Interacts with OBSOLETE.,3,42,obsolete_placeholder,True,PGG domain-containing protein,0.168406982764762,False,intrinsic component of membrane,0.8094,12,3,5,184
B9J08_004984,subunit,Interacts with OBSOLETE.,3,42,obsolete_placeholder,True,Inorganic pyrophosphatase,0.0530628434062171,False,biological_process,0.6985,11,3,14,105
B9J08_005017,subunit,"Binds to OBSOLETE, the interaction is enhanced by nitrogen and nitrogen conserving it in the nucleus.",16,1,obsolete_placeholder,True,Str. FM013,0.0453278914235705,False,molecular function regulator,0.6616,14,14,6,178
B9J08_005066,subunit,Interacts with OBSOLETE.,3,42,obsolete_placeholder,True,Serine-rich adhesin for platelets,0.0999482018650858,False,cellular_component,0.8753,13,8,307,1288
B9J08_005326,subunit,Interacts with OBSOLETE.,3,42,obsolete_placeholder,True,CS domain-containing protein,0.2061785963629231,False,cellular_component,0.8474,10,5,21,242
B9J08_005547,subunit,Interacts with OBSOLETE.,3,42,obsolete_placeholder,True,MFS domain-containing protein,0.092970656833835,False,cellular_component,0.9491,10,6,5,312
B9J08_005557,subunit,Interacts with OBSOLETE.,3,42,obsolete_placeholder,True,Secreted protein,0.0486174172923334,False,cellular_component,0.9806,14,9,43,184
B9J08_001479,subunit,E-cadherin/CDH1 is a heterotetramer composed of two subunits of CDH1 and two subunits of CDH2. Interacts with OBSOLETE.,18,1,obsolete_placeholder; extreme_length_outlier,True,Hypothetical protein,0.0654846814021787,True,cellular_component,0.7661,14,6,11,459
B9J08_001714,subunit,"Component of the OBSOLETE complex, at least composed of ABI5, OBSOLETE1, OBSOLETE2 and MPHOSPH8. Interacts with MPHOSPH8; the interaction is direct.",21,1,obsolete_placeholder; extreme_length_outlier,True,(pine wood nematode) hypothetical protein,0.0531272769387199,False,biological_process,0.7923,12,4,6,116
B9J08_000562,subunit,Interacts with the plastidial peroxiredoxin BAS1.,6,1,photosynthesis_or_chloroplast,True,JmjC domain-containing protein,0.0451587968997832,False,cell part,0.7128,9,4,5,551
B9J08_001361,subunit,Component of the plastid-encoded RNA polymerase complex.,7,1,photosynthesis_or_chloroplast,True,Hypothetical protein,0.0470861733354578,True,biological_process,0.9364,13,13,10,306
B9J08_003375,subunit,"Component of the plastid-encoded plastid RNA polymerase complex, composed of at least PP2C1, PP2C2, PP2C3, PP2C4 and PP2C5.",18,1,photosynthesis_or_chloroplast; extreme_length_outlier,True,F-box domain-containing protein,0.5044340431243298,False,intracellular part,0.6771,14,10,8,397
B9J08_005243,subunit,"Component of the plastid-encoded RNA polymerase complex, which is composed of at least cnl2, cnp1, cnp2, cnp3, cnp4 and cnp5.",20,1,photosynthesis_or_chloroplast; extreme_length_outlier,True,Hypothetical protein,0.068961971914795,True,biological_process,0.9338,15,15,9,219
