Gene ID,source_id,Product Description,Computed GO Component IDs,Computed GO Components,Computed GO Function IDs,Computed GO Functions,Computed GO Process IDs,Computed GO Processes,Curated GO Component IDs,Curated GO Components,Curated GO Function IDs,Curated GO Functions,Curated GO Process IDs,Curated GO Processes,EC numbers,EC numbers from OrthoMCL,ProtNLM prediction,ProtNLM score,ProtNote GO predictions,GO2SUM summary,Validation category,Notes
B9J08_000001,B9J08_000001-t37_1,hypothetical protein,N/A,N/A,N/A,N/A,N/A,N/A,N/A,N/A,N/A,N/A,N/A,N/A,N/A,N/A,,,,,,
B9J08_000004,B9J08_000004-t37_1,hypothetical protein,N/A,N/A,N/A,N/A,N/A,N/A,N/A,N/A,N/A,N/A,N/A,N/A,N/A,N/A,,,,,,
B9J08_000005,B9J08_000005-t37_1,hypothetical protein,N/A,N/A,N/A,N/A,N/A,N/A,N/A,N/A,N/A,N/A,N/A,N/A,N/A,N/A,,,,,,
B9J08_000006,B9J08_000006-t37_1,hypothetical protein,N/A,N/A,N/A,N/A,N/A,N/A,N/A,N/A,N/A,N/A,N/A,N/A,N/A,N/A,,,,,,
B9J08_000007,B9J08_000007-t37_1,hypothetical protein,N/A,N/A,N/A,N/A,N/A,N/A,N/A,N/A,N/A,N/A,N/A,N/A,N/A,N/A,,,,,,
B9J08_000014,B9J08_000014-t37_1,hypothetical protein,N/A,N/A,N/A,N/A,N/A,N/A,N/A,N/A,N/A,N/A,N/A,N/A,N/A,N/A,,,,,,
B9J08_000019,B9J08_000019-t37_1,hypothetical protein,N/A,N/A,N/A,N/A,N/A,N/A,N/A,N/A,N/A,N/A,N/A,N/A,N/A,N/A,,,,,,
B9J08_000021,B9J08_000021-t37_1,hypothetical protein,N/A,N/A,N/A,N/A,N/A,N/A,N/A,N/A,N/A,N/A,N/A,N/A,N/A,N/A,,,,,,
B9J08_000022,B9J08_000022-t37_1,hypothetical protein,N/A,N/A,N/A,N/A,N/A,N/A,N/A,N/A,N/A,N/A,N/A,N/A,N/A,N/A,,,,,,
B9J08_000024,B9J08_000024-t37_1,hypothetical protein,N/A,N/A,N/A,N/A,N/A,N/A,N/A,N/A,N/A,N/A,N/A,N/A,N/A,N/A,,,,,,
B9J08_000030,B9J08_000030-t37_1,hypothetical protein,N/A,N/A,N/A,N/A,N/A,N/A,N/A,N/A,N/A,N/A,N/A,N/A,N/A,N/A,,,,,,
B9J08_000040,B9J08_000040-t37_1,hypothetical protein,N/A,N/A,N/A,N/A,N/A,N/A,N/A,N/A,N/A,N/A,N/A,N/A,N/A,N/A,,,,,,
B9J08_000043,B9J08_000043-t37_1,hypothetical protein,N/A,N/A,N/A,N/A,N/A,N/A,N/A,N/A,N/A,N/A,N/A,N/A,N/A,N/A,,,,,,
B9J08_000052,B9J08_000052-t37_1,hypothetical protein,N/A,N/A,N/A,N/A,N/A,N/A,N/A,N/A,N/A,N/A,N/A,N/A,N/A,7.1.1.2 (NADH:ubiquinone reductase (H(+)-translocating)),,,,,,
B9J08_000068,B9J08_000068-t37_1,hypothetical protein,N/A,N/A,N/A,N/A,N/A,N/A,N/A,N/A,N/A,N/A,N/A,N/A,N/A,N/A,,,,,,
B9J08_000069,B9J08_000069-t37_1,hypothetical protein,N/A,N/A,N/A,N/A,N/A,N/A,N/A,N/A,N/A,N/A,N/A,N/A,N/A,N/A,,,,,,
B9J08_000070,B9J08_000070-t37_1,hypothetical protein,N/A,N/A,N/A,N/A,N/A,N/A,N/A,N/A,N/A,N/A,N/A,N/A,N/A,N/A,,,,,,
B9J08_000085,B9J08_000085-t37_1,hypothetical protein,N/A,N/A,N/A,N/A,N/A,N/A,N/A,N/A,N/A,N/A,N/A,N/A,N/A,N/A,,,,,,
B9J08_000086,B9J08_000086-t37_1,hypothetical protein,N/A,N/A,N/A,N/A,N/A,N/A,N/A,N/A,N/A,N/A,N/A,N/A,N/A,N/A,,,,,,
B9J08_000104,B9J08_000104-t37_1,hypothetical protein,N/A,N/A,N/A,N/A,N/A,N/A,N/A,N/A,N/A,N/A,N/A,N/A,N/A,N/A,,,,,,
B9J08_000110,B9J08_000110-t37_1,hypothetical protein,N/A,N/A,N/A,N/A,N/A,N/A,N/A,N/A,N/A,N/A,N/A,N/A,N/A,N/A,,,,,,
B9J08_000116,B9J08_000116-t37_1,hypothetical protein,N/A,N/A,N/A,N/A,N/A,N/A,N/A,N/A,N/A,N/A,N/A,N/A,N/A,N/A,,,,,,
B9J08_000117,B9J08_000117-t37_1,hypothetical protein,N/A,N/A,N/A,N/A,N/A,N/A,N/A,N/A,N/A,N/A,N/A,N/A,N/A,N/A,,,,,,
B9J08_000119,B9J08_000119-t37_1,hypothetical protein,N/A,N/A,N/A,N/A,N/A,N/A,N/A,N/A,N/A,N/A,N/A,N/A,N/A,N/A,,,,,,
B9J08_000124,B9J08_000124-t37_1,hypothetical protein,N/A,N/A,N/A,N/A,N/A,N/A,N/A,N/A,N/A,N/A,N/A,N/A,N/A,N/A,,,,,,
B9J08_000139,B9J08_000139-t37_1,hypothetical protein,N/A,N/A,N/A,N/A,N/A,N/A,N/A,N/A,N/A,N/A,N/A,N/A,N/A,N/A,,,,,,
B9J08_000157,B9J08_000157-t37_1,hypothetical protein,N/A,N/A,N/A,N/A,N/A,N/A,N/A,N/A,N/A,N/A,N/A,N/A,N/A,N/A,,,,,,
B9J08_000195,B9J08_000195-t37_1,hypothetical protein,N/A,N/A,N/A,N/A,N/A,N/A,N/A,N/A,N/A,N/A,N/A,N/A,N/A,3.1.1.- (Carboxylic ester hydrolases.),,,,,,
B9J08_000197,B9J08_000197-t37_1,hypothetical protein,N/A,N/A,N/A,N/A,N/A,N/A,N/A,N/A,N/A,N/A,N/A,N/A,N/A,N/A,,,,,,
B9J08_000205,B9J08_000205-t37_1,hypothetical protein,N/A,N/A,N/A,N/A,N/A,N/A,N/A,N/A,N/A,N/A,N/A,N/A,N/A,N/A,,,,,,
B9J08_000210,B9J08_000210-t37_1,hypothetical protein,N/A,N/A,N/A,N/A,N/A,N/A,N/A,N/A,N/A,N/A,N/A,N/A,N/A,N/A,,,,,,
B9J08_000221,B9J08_000221-t37_1,hypothetical protein,N/A,N/A,N/A,N/A,N/A,N/A,N/A,N/A,N/A,N/A,N/A,N/A,N/A,N/A,,,,,,
B9J08_000246,B9J08_000246-t37_1,hypothetical protein,N/A,N/A,N/A,N/A,N/A,N/A,N/A,N/A,N/A,N/A,N/A,N/A,N/A,N/A,,,,,,
B9J08_000249,B9J08_000249-t37_1,hypothetical protein,N/A,N/A,N/A,N/A,N/A,N/A,N/A,N/A,N/A,N/A,N/A,N/A,N/A,N/A,,,,,,
B9J08_000266,B9J08_000266-t37_1,hypothetical protein,N/A,N/A,N/A,N/A,N/A,N/A,N/A,N/A,N/A,N/A,N/A,N/A,N/A,N/A,,,,,,
B9J08_000267,B9J08_000267-t37_1,hypothetical protein,N/A,N/A,N/A,N/A,N/A,N/A,N/A,N/A,N/A,N/A,N/A,N/A,N/A,3.1.1.- (Carboxylic ester hydrolases.),,,,,,
B9J08_000292,B9J08_000292-t37_1,hypothetical protein,N/A,N/A,N/A,N/A,N/A,N/A,N/A,N/A,N/A,N/A,N/A,N/A,N/A,N/A,,,,,,
B9J08_000308,B9J08_000308-t37_1,hypothetical protein,N/A,N/A,N/A,N/A,N/A,N/A,N/A,N/A,N/A,N/A,N/A,N/A,N/A,N/A,,,,,,
B9J08_000334,B9J08_000334-t37_1,hypothetical protein,N/A,N/A,N/A,N/A,N/A,N/A,N/A,N/A,N/A,N/A,N/A,N/A,N/A,N/A,,,,,,
B9J08_000336,B9J08_000336-t37_1,hypothetical protein,N/A,N/A,N/A,N/A,N/A,N/A,N/A,N/A,N/A,N/A,N/A,N/A,N/A,N/A,,,,,,
B9J08_000343,B9J08_000343-t37_1,hypothetical protein,N/A,N/A,N/A,N/A,N/A,N/A,N/A,N/A,N/A,N/A,N/A,N/A,N/A,N/A,,,,,,
B9J08_000349,B9J08_000349-t37_1,hypothetical protein,N/A,N/A,N/A,N/A,N/A,N/A,N/A,N/A,N/A,N/A,N/A,N/A,N/A,N/A,,,,,,
B9J08_000357,B9J08_000357-t37_1,hypothetical protein,N/A,N/A,N/A,N/A,N/A,N/A,N/A,N/A,N/A,N/A,N/A,N/A,N/A,N/A,,,,,,
B9J08_000361,B9J08_000361-t37_1,hypothetical protein,N/A,N/A,N/A,N/A,N/A,N/A,N/A,N/A,N/A,N/A,N/A,N/A,N/A,N/A,,,,,,
B9J08_000369,B9J08_000369-t37_1,hypothetical protein,N/A,N/A,N/A,N/A,N/A,N/A,N/A,N/A,N/A,N/A,N/A,N/A,N/A,N/A,,,,,,
B9J08_000376,B9J08_000376-t37_1,hypothetical protein,N/A,N/A,N/A,N/A,N/A,N/A,N/A,N/A,N/A,N/A,N/A,N/A,N/A,N/A,,,,,,
B9J08_000380,B9J08_000380-t37_1,hypothetical protein,N/A,N/A,N/A,N/A,N/A,N/A,N/A,N/A,N/A,N/A,N/A,N/A,N/A,N/A,,,,,,
B9J08_000403,B9J08_000403-t37_1,hypothetical protein,N/A,N/A,N/A,N/A,N/A,N/A,N/A,N/A,N/A,N/A,N/A,N/A,N/A,N/A,,,,,,
B9J08_000407,B9J08_000407-t37_1,hypothetical protein,N/A,N/A,N/A,N/A,N/A,N/A,N/A,N/A,N/A,N/A,N/A,N/A,N/A,N/A,,,,,,
B9J08_000421,B9J08_000421-t37_1,hypothetical protein,N/A,N/A,N/A,N/A,N/A,N/A,N/A,N/A,N/A,N/A,N/A,N/A,N/A,1.14.11.27 ([Histone H3]-dimethyl-L-lysine(36) demethylase),,,,,,
B9J08_000423,B9J08_000423-t37_1,hypothetical protein,N/A,N/A,N/A,N/A,N/A,N/A,N/A,N/A,N/A,N/A,N/A,N/A,N/A,3.4.19.12 (Ubiquitinyl hydrolase 1),,,,,,
B9J08_000429,B9J08_000429-t37_1,hypothetical protein,N/A,N/A,N/A,N/A,N/A,N/A,N/A,N/A,N/A,N/A,N/A,N/A,N/A,N/A,,,,,,
B9J08_000438,B9J08_000438-t37_1,hypothetical protein,N/A,N/A,N/A,N/A,N/A,N/A,N/A,N/A,N/A,N/A,N/A,N/A,N/A,N/A,,,,,,
B9J08_000439,B9J08_000439-t37_1,hypothetical protein,N/A,N/A,N/A,N/A,N/A,N/A,N/A,N/A,N/A,N/A,N/A,N/A,N/A,N/A,,,,,,
B9J08_000440,B9J08_000440-t37_1,hypothetical protein,N/A,N/A,N/A,N/A,N/A,N/A,N/A,N/A,N/A,N/A,N/A,N/A,N/A,N/A,,,,,,
B9J08_000441,B9J08_000441-t37_1,hypothetical protein,N/A,N/A,N/A,N/A,N/A,N/A,N/A,N/A,N/A,N/A,N/A,N/A,N/A,N/A,,,,,,
B9J08_000448,B9J08_000448-t37_1,hypothetical protein,N/A,N/A,N/A,N/A,N/A,N/A,N/A,N/A,N/A,N/A,N/A,N/A,N/A,N/A,,,,,,
B9J08_000456,B9J08_000456-t37_1,hypothetical protein,N/A,N/A,N/A,N/A,N/A,N/A,N/A,N/A,N/A,N/A,N/A,N/A,N/A,N/A,,,,,,
B9J08_000457,B9J08_000457-t37_1,hypothetical protein,N/A,N/A,N/A,N/A,N/A,N/A,N/A,N/A,N/A,N/A,N/A,N/A,N/A,N/A,,,,,,
B9J08_000472,B9J08_000472-t37_1,hypothetical protein,N/A,N/A,N/A,N/A,N/A,N/A,N/A,N/A,N/A,N/A,N/A,N/A,N/A,N/A,,,,,,
B9J08_000478,B9J08_000478-t37_1,hypothetical protein,N/A,N/A,N/A,N/A,N/A,N/A,N/A,N/A,N/A,N/A,N/A,N/A,N/A,N/A,,,,,,
B9J08_000493,B9J08_000493-t37_1,hypothetical protein,N/A,N/A,N/A,N/A,N/A,N/A,N/A,N/A,N/A,N/A,N/A,N/A,N/A,N/A,,,,,,
B9J08_000505,B9J08_000505-t37_1,hypothetical protein,N/A,N/A,N/A,N/A,N/A,N/A,N/A,N/A,N/A,N/A,N/A,N/A,N/A,N/A,,,,,,
B9J08_000521,B9J08_000521-t37_1,hypothetical protein,N/A,N/A,N/A,N/A,N/A,N/A,N/A,N/A,N/A,N/A,N/A,N/A,N/A,N/A,,,,,,
B9J08_000540,B9J08_000540-t37_1,hypothetical protein,N/A,N/A,N/A,N/A,N/A,N/A,N/A,N/A,N/A,N/A,N/A,N/A,N/A,N/A,,,,,,
B9J08_000547,B9J08_000547-t37_1,hypothetical protein,N/A,N/A,N/A,N/A,N/A,N/A,N/A,N/A,N/A,N/A,N/A,N/A,N/A,N/A,,,,,,
B9J08_000557,B9J08_000557-t37_1,hypothetical protein,N/A,N/A,N/A,N/A,N/A,N/A,N/A,N/A,N/A,N/A,N/A,N/A,N/A,N/A,,,,,,
B9J08_000562,B9J08_000562-t37_1,hypothetical protein,N/A,N/A,N/A,N/A,N/A,N/A,N/A,N/A,N/A,N/A,N/A,N/A,N/A,N/A,,,,,,
B9J08_000563,B9J08_000563-t37_1,hypothetical protein,N/A,N/A,N/A,N/A,N/A,N/A,N/A,N/A,N/A,N/A,N/A,N/A,N/A,3.6.-.- (Acting on acid anhydrides.),,,,,,
B9J08_000571,B9J08_000571-t37_1,hypothetical protein,N/A,N/A,N/A,N/A,N/A,N/A,N/A,N/A,N/A,N/A,N/A,N/A,N/A,N/A,,,,,,
B9J08_000579,B9J08_000579-t37_1,hypothetical protein,N/A,N/A,N/A,N/A,N/A,N/A,N/A,N/A,N/A,N/A,N/A,N/A,N/A,N/A,,,,,,
B9J08_000583,B9J08_000583-t37_1,hypothetical protein,N/A,N/A,N/A,N/A,N/A,N/A,N/A,N/A,N/A,N/A,N/A,N/A,N/A,N/A,,,,,,
B9J08_000586,B9J08_000586-t37_1,hypothetical protein,N/A,N/A,N/A,N/A,N/A,N/A,N/A,N/A,N/A,N/A,N/A,N/A,N/A,N/A,,,,,,
B9J08_000595,B9J08_000595-t37_1,hypothetical protein,N/A,N/A,N/A,N/A,N/A,N/A,N/A,N/A,N/A,N/A,N/A,N/A,N/A,N/A,,,,,,
B9J08_000600,B9J08_000600-t37_1,hypothetical protein,N/A,N/A,N/A,N/A,N/A,N/A,N/A,N/A,N/A,N/A,N/A,N/A,N/A,N/A,,,,,,
B9J08_000601,B9J08_000601-t37_1,hypothetical protein,N/A,N/A,N/A,N/A,N/A,N/A,N/A,N/A,N/A,N/A,N/A,N/A,N/A,N/A,,,,,,
B9J08_000606,B9J08_000606-t37_1,hypothetical protein,N/A,N/A,N/A,N/A,N/A,N/A,N/A,N/A,N/A,N/A,N/A,N/A,N/A,N/A,,,,,,
B9J08_000618,B9J08_000618-t37_1,hypothetical protein,N/A,N/A,N/A,N/A,N/A,N/A,N/A,N/A,N/A,N/A,N/A,N/A,N/A,N/A,,,,,,
B9J08_000624,B9J08_000624-t37_1,hypothetical protein,N/A,N/A,N/A,N/A,N/A,N/A,N/A,N/A,N/A,N/A,N/A,N/A,N/A,N/A,,,,,,
B9J08_000642,B9J08_000642-t37_1,hypothetical protein,N/A,N/A,N/A,N/A,N/A,N/A,N/A,N/A,N/A,N/A,N/A,N/A,N/A,N/A,,,,,,
B9J08_000644,B9J08_000644-t37_1,hypothetical protein,N/A,N/A,N/A,N/A,N/A,N/A,N/A,N/A,N/A,N/A,N/A,N/A,N/A,N/A,,,,,,
B9J08_000653,B9J08_000653-t37_1,hypothetical protein,N/A,N/A,N/A,N/A,N/A,N/A,N/A,N/A,N/A,N/A,N/A,N/A,N/A,N/A,,,,,,
B9J08_000663,B9J08_000663-t37_1,hypothetical protein,N/A,N/A,N/A,N/A,N/A,N/A,N/A,N/A,N/A,N/A,N/A,N/A,N/A,N/A,,,,,,
B9J08_000669,B9J08_000669-t37_1,hypothetical protein,N/A,N/A,N/A,N/A,N/A,N/A,N/A,N/A,N/A,N/A,N/A,N/A,N/A,N/A,,,,,,
B9J08_000672,B9J08_000672-t37_1,hypothetical protein,N/A,N/A,N/A,N/A,N/A,N/A,N/A,N/A,N/A,N/A,N/A,N/A,N/A,N/A,,,,,,
B9J08_000676,B9J08_000676-t37_1,hypothetical protein,N/A,N/A,N/A,N/A,N/A,N/A,N/A,N/A,N/A,N/A,N/A,N/A,N/A,N/A,,,,,,
B9J08_000685,B9J08_000685-t37_1,hypothetical protein,N/A,N/A,N/A,N/A,N/A,N/A,N/A,N/A,N/A,N/A,N/A,N/A,N/A,N/A,,,,,,
B9J08_000702,B9J08_000702-t37_1,hypothetical protein,N/A,N/A,N/A,N/A,N/A,N/A,N/A,N/A,N/A,N/A,N/A,N/A,N/A,N/A,,,,,,
B9J08_000707,B9J08_000707-t37_1,hypothetical protein,N/A,N/A,N/A,N/A,N/A,N/A,N/A,N/A,N/A,N/A,N/A,N/A,N/A,N/A,,,,,,
B9J08_000709,B9J08_000709-t37_1,hypothetical protein,N/A,N/A,N/A,N/A,N/A,N/A,N/A,N/A,N/A,N/A,N/A,N/A,N/A,N/A,,,,,,
B9J08_000712,B9J08_000712-t37_1,hypothetical protein,N/A,N/A,N/A,N/A,N/A,N/A,N/A,N/A,N/A,N/A,N/A,N/A,N/A,N/A,,,,,,
B9J08_000724,B9J08_000724-t37_1,hypothetical protein,N/A,N/A,N/A,N/A,N/A,N/A,N/A,N/A,N/A,N/A,N/A,N/A,N/A,N/A,,,,,,
B9J08_000730,B9J08_000730-t37_1,hypothetical protein,N/A,N/A,N/A,N/A,N/A,N/A,N/A,N/A,N/A,N/A,N/A,N/A,N/A,N/A,,,,,,
B9J08_000738,B9J08_000738-t37_1,hypothetical protein,N/A,N/A,N/A,N/A,N/A,N/A,N/A,N/A,N/A,N/A,N/A,N/A,N/A,3.6.-.- (Acting on acid anhydrides.),,,,,,
B9J08_000758,B9J08_000758-t37_1,hypothetical protein,N/A,N/A,N/A,N/A,N/A,N/A,N/A,N/A,N/A,N/A,N/A,N/A,N/A,3.1.-.- (Acting on ester bonds.),,,,,,
B9J08_000760,B9J08_000760-t37_1,hypothetical protein,N/A,N/A,N/A,N/A,N/A,N/A,N/A,N/A,N/A,N/A,N/A,N/A,N/A,N/A,,,,,,
B9J08_000767,B9J08_000767-t37_1,hypothetical protein,N/A,N/A,N/A,N/A,N/A,N/A,N/A,N/A,N/A,N/A,N/A,N/A,N/A,N/A,,,,,,
B9J08_000783,B9J08_000783-t37_1,hypothetical protein,N/A,N/A,N/A,N/A,N/A,N/A,N/A,N/A,N/A,N/A,N/A,N/A,N/A,N/A,,,,,,
B9J08_000799,B9J08_000799-t37_1,hypothetical protein,N/A,N/A,N/A,N/A,N/A,N/A,N/A,N/A,N/A,N/A,N/A,N/A,N/A,N/A,,,,,,
B9J08_000807,B9J08_000807-t37_1,hypothetical protein,N/A,N/A,N/A,N/A,N/A,N/A,N/A,N/A,N/A,N/A,N/A,N/A,N/A,N/A,,,,,,
B9J08_000809,B9J08_000809-t37_1,hypothetical protein,N/A,N/A,N/A,N/A,N/A,N/A,N/A,N/A,N/A,N/A,N/A,N/A,N/A,N/A,,,,,,
B9J08_000817,B9J08_000817-t37_1,hypothetical protein,N/A,N/A,N/A,N/A,N/A,N/A,N/A,N/A,N/A,N/A,N/A,N/A,N/A,N/A,,,,,,
B9J08_000824,B9J08_000824-t37_1,hypothetical protein,N/A,N/A,N/A,N/A,N/A,N/A,N/A,N/A,N/A,N/A,N/A,N/A,N/A,N/A,,,,,,
B9J08_000830,B9J08_000830-t37_1,hypothetical protein,N/A,N/A,N/A,N/A,N/A,N/A,N/A,N/A,N/A,N/A,N/A,N/A,N/A,N/A,,,,,,
B9J08_000834,B9J08_000834-t37_1,hypothetical protein,N/A,N/A,N/A,N/A,N/A,N/A,N/A,N/A,N/A,N/A,N/A,N/A,N/A,N/A,,,,,,
B9J08_000846,B9J08_000846-t37_1,hypothetical protein,N/A,N/A,N/A,N/A,N/A,N/A,N/A,N/A,N/A,N/A,N/A,N/A,N/A,N/A,,,,,,
B9J08_000849,B9J08_000849-t37_1,hypothetical protein,N/A,N/A,N/A,N/A,N/A,N/A,N/A,N/A,N/A,N/A,N/A,N/A,N/A,N/A,,,,,,
B9J08_000859,B9J08_000859-t37_1,hypothetical protein,N/A,N/A,N/A,N/A,N/A,N/A,N/A,N/A,N/A,N/A,N/A,N/A,N/A,N/A,,,,,,
B9J08_000866,B9J08_000866-t37_1,hypothetical protein,N/A,N/A,N/A,N/A,N/A,N/A,N/A,N/A,N/A,N/A,N/A,N/A,N/A,N/A,,,,,,
B9J08_000884,B9J08_000884-t37_1,hypothetical protein,N/A,N/A,N/A,N/A,N/A,N/A,N/A,N/A,N/A,N/A,N/A,N/A,N/A,N/A,,,,,,
B9J08_000890,B9J08_000890-t37_1,hypothetical protein,N/A,N/A,N/A,N/A,N/A,N/A,N/A,N/A,N/A,N/A,N/A,N/A,N/A,N/A,,,,,,
B9J08_000891,B9J08_000891-t37_1,hypothetical protein,N/A,N/A,N/A,N/A,N/A,N/A,N/A,N/A,N/A,N/A,N/A,N/A,N/A,N/A,,,,,,
B9J08_000892,B9J08_000892-t37_1,hypothetical protein,N/A,N/A,N/A,N/A,N/A,N/A,N/A,N/A,N/A,N/A,N/A,N/A,N/A,N/A,,,,,,
B9J08_000905,B9J08_000905-t37_1,hypothetical protein,N/A,N/A,N/A,N/A,N/A,N/A,N/A,N/A,N/A,N/A,N/A,N/A,N/A,N/A,,,,,,
B9J08_000906,B9J08_000906-t37_1,hypothetical protein,N/A,N/A,N/A,N/A,N/A,N/A,N/A,N/A,N/A,N/A,N/A,N/A,N/A,N/A,,,,,,
B9J08_000911,B9J08_000911-t37_1,hypothetical protein,N/A,N/A,N/A,N/A,N/A,N/A,N/A,N/A,N/A,N/A,N/A,N/A,N/A,N/A,,,,,,
B9J08_000913,B9J08_000913-t37_1,hypothetical protein,N/A,N/A,N/A,N/A,N/A,N/A,N/A,N/A,N/A,N/A,N/A,N/A,N/A,N/A,,,,,,
B9J08_000940,B9J08_000940-t37_1,hypothetical protein,N/A,N/A,N/A,N/A,N/A,N/A,N/A,N/A,N/A,N/A,N/A,N/A,N/A,N/A,,,,,,
B9J08_000943,B9J08_000943-t37_1,hypothetical protein,N/A,N/A,N/A,N/A,N/A,N/A,N/A,N/A,N/A,N/A,N/A,N/A,N/A,N/A,,,,,,
B9J08_000949,B9J08_000949-t37_1,hypothetical protein,N/A,N/A,N/A,N/A,N/A,N/A,N/A,N/A,N/A,N/A,N/A,N/A,N/A,"1.1.1.- (With NAD(+) or NADP(+) as acceptor.);1.1.1.159 (7-alpha-hydroxysteroid dehydrogenase);1.3.1.34 (2,4-dienoyl-CoA reductase ((2E)-enoyl-CoA-producing))",,,,,,
B9J08_000959,B9J08_000959-t37_1,hypothetical protein,N/A,N/A,N/A,N/A,N/A,N/A,N/A,N/A,N/A,N/A,N/A,N/A,N/A,N/A,,,,,,
B9J08_000986,B9J08_000986-t37_1,hypothetical protein,N/A,N/A,N/A,N/A,N/A,N/A,N/A,N/A,N/A,N/A,N/A,N/A,N/A,N/A,,,,,,
B9J08_001011,B9J08_001011-t37_1,hypothetical protein,N/A,N/A,N/A,N/A,N/A,N/A,N/A,N/A,N/A,N/A,N/A,N/A,N/A,N/A,,,,,,
B9J08_001023,B9J08_001023-t37_1,hypothetical protein,N/A,N/A,N/A,N/A,N/A,N/A,N/A,N/A,N/A,N/A,N/A,N/A,N/A,N/A,,,,,,
B9J08_001027,B9J08_001027-t37_1,hypothetical protein,N/A,N/A,N/A,N/A,N/A,N/A,N/A,N/A,N/A,N/A,N/A,N/A,N/A,N/A,,,,,,
B9J08_001028,B9J08_001028-t37_1,hypothetical protein,N/A,N/A,N/A,N/A,N/A,N/A,N/A,N/A,N/A,N/A,N/A,N/A,N/A,N/A,,,,,,
B9J08_001030,B9J08_001030-t37_1,hypothetical protein,N/A,N/A,N/A,N/A,N/A,N/A,N/A,N/A,N/A,N/A,N/A,N/A,N/A,N/A,,,,,,
B9J08_001032,B9J08_001032-t37_1,hypothetical protein,N/A,N/A,N/A,N/A,N/A,N/A,N/A,N/A,N/A,N/A,N/A,N/A,N/A,N/A,,,,,,
B9J08_001050,B9J08_001050-t37_1,hypothetical protein,N/A,N/A,N/A,N/A,N/A,N/A,N/A,N/A,N/A,N/A,N/A,N/A,N/A,N/A,,,,,,
B9J08_001052,B9J08_001052-t37_1,hypothetical protein,N/A,N/A,N/A,N/A,N/A,N/A,N/A,N/A,N/A,N/A,N/A,N/A,N/A,N/A,,,,,,
B9J08_001054,B9J08_001054-t37_1,hypothetical protein,N/A,N/A,N/A,N/A,N/A,N/A,N/A,N/A,N/A,N/A,N/A,N/A,N/A,N/A,,,,,,
B9J08_001069,B9J08_001069-t37_1,hypothetical protein,N/A,N/A,N/A,N/A,N/A,N/A,N/A,N/A,N/A,N/A,N/A,N/A,N/A,N/A,,,,,,
B9J08_001072,B9J08_001072-t37_1,hypothetical protein,N/A,N/A,N/A,N/A,N/A,N/A,N/A,N/A,N/A,N/A,N/A,N/A,N/A,N/A,,,,,,
B9J08_001100,B9J08_001100-t37_1,hypothetical protein,N/A,N/A,N/A,N/A,N/A,N/A,N/A,N/A,N/A,N/A,N/A,N/A,N/A,N/A,,,,,,
B9J08_001101,B9J08_001101-t37_1,hypothetical protein,N/A,N/A,N/A,N/A,N/A,N/A,N/A,N/A,N/A,N/A,N/A,N/A,N/A,N/A,,,,,,
B9J08_001111,B9J08_001111-t37_1,hypothetical protein,N/A,N/A,N/A,N/A,N/A,N/A,N/A,N/A,N/A,N/A,N/A,N/A,N/A,N/A,,,,,,
B9J08_001119,B9J08_001119-t37_1,hypothetical protein,N/A,N/A,N/A,N/A,N/A,N/A,N/A,N/A,N/A,N/A,N/A,N/A,N/A,N/A,,,,,,
B9J08_001155,B9J08_001155-t37_1,hypothetical protein,N/A,N/A,N/A,N/A,N/A,N/A,N/A,N/A,N/A,N/A,N/A,N/A,N/A,N/A,,,,,,
B9J08_001157,B9J08_001157-t37_1,hypothetical protein,N/A,N/A,N/A,N/A,N/A,N/A,N/A,N/A,N/A,N/A,N/A,N/A,N/A,N/A,,,,,,
B9J08_001164,B9J08_001164-t37_1,hypothetical protein,N/A,N/A,N/A,N/A,N/A,N/A,N/A,N/A,N/A,N/A,N/A,N/A,N/A,N/A,,,,,,
B9J08_001180,B9J08_001180-t37_1,hypothetical protein,N/A,N/A,N/A,N/A,N/A,N/A,N/A,N/A,N/A,N/A,N/A,N/A,N/A,N/A,,,,,,
B9J08_001184,B9J08_001184-t37_1,hypothetical protein,N/A,N/A,N/A,N/A,N/A,N/A,N/A,N/A,N/A,N/A,N/A,N/A,N/A,N/A,,,,,,
B9J08_001189,B9J08_001189-t37_1,hypothetical protein,N/A,N/A,N/A,N/A,N/A,N/A,N/A,N/A,N/A,N/A,N/A,N/A,N/A,N/A,,,,,,
B9J08_001191,B9J08_001191-t37_1,hypothetical protein,N/A,N/A,N/A,N/A,N/A,N/A,N/A,N/A,N/A,N/A,N/A,N/A,N/A,N/A,,,,,,
B9J08_001195,B9J08_001195-t37_1,hypothetical protein,N/A,N/A,N/A,N/A,N/A,N/A,N/A,N/A,N/A,N/A,N/A,N/A,N/A,N/A,,,,,,
B9J08_001196,B9J08_001196-t37_1,hypothetical protein,N/A,N/A,N/A,N/A,N/A,N/A,N/A,N/A,N/A,N/A,N/A,N/A,N/A,N/A,,,,,,
B9J08_001197,B9J08_001197-t37_1,hypothetical protein,N/A,N/A,N/A,N/A,N/A,N/A,N/A,N/A,N/A,N/A,N/A,N/A,N/A,N/A,,,,,,
B9J08_001201,B9J08_001201-t37_1,hypothetical protein,N/A,N/A,N/A,N/A,N/A,N/A,N/A,N/A,N/A,N/A,N/A,N/A,N/A,N/A,,,,,,
B9J08_001202,B9J08_001202-t37_1,hypothetical protein,N/A,N/A,N/A,N/A,N/A,N/A,N/A,N/A,N/A,N/A,N/A,N/A,1.6.99.3 (Deleted entry);7.1.1.2 (NADH:ubiquinone reductase (H(+)-translocating)),1.6.5.3 (Transferred entry: 7.1.1.2);1.6.99.3 (Deleted entry);7.1.1.2 (NADH:ubiquinone reductase (H(+)-translocating)),,,,,,
B9J08_001208,B9J08_001208-t37_1,hypothetical protein,N/A,N/A,N/A,N/A,N/A,N/A,N/A,N/A,N/A,N/A,N/A,N/A,N/A,N/A,,,,,,
B9J08_001214,B9J08_001214-t37_1,hypothetical protein,N/A,N/A,N/A,N/A,N/A,N/A,N/A,N/A,N/A,N/A,N/A,N/A,N/A,N/A,,,,,,
B9J08_001215,B9J08_001215-t37_1,hypothetical protein,N/A,N/A,N/A,N/A,N/A,N/A,N/A,N/A,N/A,N/A,N/A,N/A,N/A,N/A,,,,,,
B9J08_001221,B9J08_001221-t37_1,hypothetical protein,N/A,N/A,N/A,N/A,N/A,N/A,N/A,N/A,N/A,N/A,N/A,N/A,N/A,N/A,,,,,,
B9J08_001223,B9J08_001223-t37_1,hypothetical protein,N/A,N/A,N/A,N/A,N/A,N/A,N/A,N/A,N/A,N/A,N/A,N/A,N/A,N/A,,,,,,
B9J08_001226,B9J08_001226-t37_1,hypothetical protein,N/A,N/A,N/A,N/A,N/A,N/A,N/A,N/A,N/A,N/A,N/A,N/A,N/A,N/A,,,,,,
B9J08_001231,B9J08_001231-t37_1,hypothetical protein,N/A,N/A,N/A,N/A,N/A,N/A,N/A,N/A,N/A,N/A,N/A,N/A,N/A,5.4.-.- (Intramolecular transferases.);5.4.2.- (Phosphotransferases (phosphomutases).),,,,,,
B9J08_001234,B9J08_001234-t37_1,hypothetical protein,N/A,N/A,N/A,N/A,N/A,N/A,N/A,N/A,N/A,N/A,N/A,N/A,N/A,N/A,,,,,,
B9J08_001235,B9J08_001235-t37_1,hypothetical protein,N/A,N/A,N/A,N/A,N/A,N/A,N/A,N/A,N/A,N/A,N/A,N/A,N/A,N/A,,,,,,
B9J08_001244,B9J08_001244-t37_1,hypothetical protein,N/A,N/A,N/A,N/A,N/A,N/A,N/A,N/A,N/A,N/A,N/A,N/A,N/A,3.1.1.- (Carboxylic ester hydrolases.),,,,,,
B9J08_001249,B9J08_001249-t37_1,hypothetical protein,N/A,N/A,N/A,N/A,N/A,N/A,N/A,N/A,N/A,N/A,N/A,N/A,N/A,N/A,,,,,,
B9J08_001268,B9J08_001268-t37_1,hypothetical protein,N/A,N/A,N/A,N/A,N/A,N/A,N/A,N/A,N/A,N/A,N/A,N/A,N/A,N/A,,,,,,
B9J08_001287,B9J08_001287-t37_1,hypothetical protein,N/A,N/A,N/A,N/A,N/A,N/A,N/A,N/A,N/A,N/A,N/A,N/A,N/A,N/A,,,,,,
B9J08_001290,B9J08_001290-t37_1,hypothetical protein,N/A,N/A,N/A,N/A,N/A,N/A,N/A,N/A,N/A,N/A,N/A,N/A,N/A,N/A,,,,,,
B9J08_001306,B9J08_001306-t37_1,hypothetical protein,N/A,N/A,N/A,N/A,N/A,N/A,N/A,N/A,N/A,N/A,N/A,N/A,N/A,N/A,,,,,,
B9J08_001308,B9J08_001308-t37_1,hypothetical protein,N/A,N/A,N/A,N/A,N/A,N/A,N/A,N/A,N/A,N/A,N/A,N/A,N/A,N/A,,,,,,
B9J08_001313,B9J08_001313-t37_1,hypothetical protein,N/A,N/A,N/A,N/A,N/A,N/A,N/A,N/A,N/A,N/A,N/A,N/A,N/A,N/A,,,,,,
B9J08_001314,B9J08_001314-t37_1,hypothetical protein,N/A,N/A,N/A,N/A,N/A,N/A,N/A,N/A,N/A,N/A,N/A,N/A,N/A,N/A,,,,,,
B9J08_001317,B9J08_001317-t37_1,hypothetical protein,N/A,N/A,N/A,N/A,N/A,N/A,N/A,N/A,N/A,N/A,N/A,N/A,N/A,N/A,,,,,,
B9J08_001321,B9J08_001321-t37_1,hypothetical protein,N/A,N/A,N/A,N/A,N/A,N/A,N/A,N/A,N/A,N/A,N/A,N/A,N/A,N/A,,,,,,
B9J08_001339,B9J08_001339-t37_1,hypothetical protein,N/A,N/A,N/A,N/A,N/A,N/A,N/A,N/A,N/A,N/A,N/A,N/A,N/A,N/A,,,,,,
B9J08_001341,B9J08_001341-t37_1,hypothetical protein,N/A,N/A,N/A,N/A,N/A,N/A,N/A,N/A,N/A,N/A,N/A,N/A,N/A,N/A,,,,,,
B9J08_001342,B9J08_001342-t37_1,hypothetical protein,N/A,N/A,N/A,N/A,N/A,N/A,N/A,N/A,N/A,N/A,N/A,N/A,N/A,N/A,,,,,,
B9J08_001361,B9J08_001361-t37_1,hypothetical protein,N/A,N/A,N/A,N/A,N/A,N/A,N/A,N/A,N/A,N/A,N/A,N/A,N/A,N/A,,,,,,
B9J08_001366,B9J08_001366-t37_1,hypothetical protein,N/A,N/A,N/A,N/A,N/A,N/A,N/A,N/A,N/A,N/A,N/A,N/A,N/A,N/A,,,,,,
B9J08_001370,B9J08_001370-t37_1,hypothetical protein,N/A,N/A,N/A,N/A,N/A,N/A,N/A,N/A,N/A,N/A,N/A,N/A,N/A,N/A,,,,,,
B9J08_001398,B9J08_001398-t37_1,hypothetical protein,N/A,N/A,N/A,N/A,N/A,N/A,N/A,N/A,N/A,N/A,N/A,N/A,N/A,N/A,,,,,,
B9J08_001409,B9J08_001409-t37_1,hypothetical protein,N/A,N/A,N/A,N/A,N/A,N/A,N/A,N/A,N/A,N/A,N/A,N/A,N/A,N/A,,,,,,
B9J08_001419,B9J08_001419-t37_1,hypothetical protein,N/A,N/A,N/A,N/A,N/A,N/A,N/A,N/A,N/A,N/A,N/A,N/A,N/A,2.1.1.- (Methyltransferases.);5.2.1.8 (Peptidylprolyl isomerase),,,,,,
B9J08_001426,B9J08_001426-t37_1,hypothetical protein,N/A,N/A,N/A,N/A,N/A,N/A,N/A,N/A,N/A,N/A,N/A,N/A,N/A,N/A,,,,,,
B9J08_001437,B9J08_001437-t37_1,hypothetical protein,N/A,N/A,N/A,N/A,N/A,N/A,N/A,N/A,N/A,N/A,N/A,N/A,N/A,N/A,,,,,,
B9J08_001440,B9J08_001440-t37_1,hypothetical protein,N/A,N/A,N/A,N/A,N/A,N/A,N/A,N/A,N/A,N/A,N/A,N/A,N/A,N/A,,,,,,
B9J08_001441,B9J08_001441-t37_1,hypothetical protein,N/A,N/A,N/A,N/A,N/A,N/A,N/A,N/A,N/A,N/A,N/A,N/A,N/A,N/A,,,,,,
B9J08_001456,B9J08_001456-t37_1,hypothetical protein,N/A,N/A,N/A,N/A,N/A,N/A,N/A,N/A,N/A,N/A,N/A,N/A,N/A,N/A,,,,,,
B9J08_001458,B9J08_001458-t37_1,hypothetical protein,N/A,N/A,N/A,N/A,N/A,N/A,N/A,N/A,N/A,N/A,N/A,N/A,N/A,N/A,,,,,,
B9J08_001459,B9J08_001459-t37_1,hypothetical protein,N/A,N/A,N/A,N/A,N/A,N/A,N/A,N/A,N/A,N/A,N/A,N/A,N/A,N/A,,,,,,
B9J08_001466,B9J08_001466-t37_1,hypothetical protein,N/A,N/A,N/A,N/A,N/A,N/A,N/A,N/A,N/A,N/A,N/A,N/A,N/A,N/A,,,,,,
B9J08_001468,B9J08_001468-t37_1,hypothetical protein,N/A,N/A,N/A,N/A,N/A,N/A,N/A,N/A,N/A,N/A,N/A,N/A,N/A,N/A,,,,,,
B9J08_001470,B9J08_001470-t37_1,hypothetical protein,N/A,N/A,N/A,N/A,N/A,N/A,N/A,N/A,N/A,N/A,N/A,N/A,N/A,N/A,,,,,,
B9J08_001472,B9J08_001472-t37_1,hypothetical protein,N/A,N/A,N/A,N/A,N/A,N/A,N/A,N/A,N/A,N/A,N/A,N/A,N/A,N/A,,,,,,
B9J08_001479,B9J08_001479-t37_1,hypothetical protein,N/A,N/A,N/A,N/A,N/A,N/A,N/A,N/A,N/A,N/A,N/A,N/A,N/A,N/A,,,,,,
B9J08_001480,B9J08_001480-t37_1,hypothetical protein,N/A,N/A,N/A,N/A,N/A,N/A,N/A,N/A,N/A,N/A,N/A,N/A,N/A,N/A,,,,,,
B9J08_001485,B9J08_001485-t37_1,hypothetical protein,N/A,N/A,N/A,N/A,N/A,N/A,N/A,N/A,N/A,N/A,N/A,N/A,N/A,N/A,,,,,,
B9J08_001486,B9J08_001486-t37_1,hypothetical protein,N/A,N/A,N/A,N/A,N/A,N/A,N/A,N/A,N/A,N/A,N/A,N/A,N/A,N/A,,,,,,
B9J08_001490,B9J08_001490-t37_1,hypothetical protein,N/A,N/A,N/A,N/A,N/A,N/A,N/A,N/A,N/A,N/A,N/A,N/A,N/A,N/A,,,,,,
B9J08_001517,B9J08_001517-t37_1,hypothetical protein,N/A,N/A,N/A,N/A,N/A,N/A,N/A,N/A,N/A,N/A,N/A,N/A,N/A,N/A,,,,,,
B9J08_001520,B9J08_001520-t37_1,hypothetical protein,N/A,N/A,N/A,N/A,N/A,N/A,N/A,N/A,N/A,N/A,N/A,N/A,N/A,N/A,,,,,,
B9J08_001522,B9J08_001522-t37_1,hypothetical protein,N/A,N/A,N/A,N/A,N/A,N/A,N/A,N/A,N/A,N/A,N/A,N/A,N/A,N/A,,,,,,
B9J08_001538,B9J08_001538-t37_1,hypothetical protein,N/A,N/A,N/A,N/A,N/A,N/A,N/A,N/A,N/A,N/A,N/A,N/A,N/A,N/A,,,,,,
B9J08_001549,B9J08_001549-t37_1,hypothetical protein,N/A,N/A,N/A,N/A,N/A,N/A,N/A,N/A,N/A,N/A,N/A,N/A,N/A,N/A,,,,,,
B9J08_001551,B9J08_001551-t37_1,hypothetical protein,N/A,N/A,N/A,N/A,N/A,N/A,N/A,N/A,N/A,N/A,N/A,N/A,N/A,N/A,,,,,,
B9J08_001552,B9J08_001552-t37_1,hypothetical protein,N/A,N/A,N/A,N/A,N/A,N/A,N/A,N/A,N/A,N/A,N/A,N/A,N/A,N/A,,,,,,
B9J08_001555,B9J08_001555-t37_1,hypothetical protein,N/A,N/A,N/A,N/A,N/A,N/A,N/A,N/A,N/A,N/A,N/A,N/A,N/A,N/A,,,,,,
B9J08_001556,B9J08_001556-t37_1,hypothetical protein,N/A,N/A,N/A,N/A,N/A,N/A,N/A,N/A,N/A,N/A,N/A,N/A,N/A,N/A,,,,,,
B9J08_001596,B9J08_001596-t37_1,hypothetical protein,N/A,N/A,N/A,N/A,N/A,N/A,N/A,N/A,N/A,N/A,N/A,N/A,N/A,N/A,,,,,,
B9J08_001597,B9J08_001597-t37_1,hypothetical protein,N/A,N/A,N/A,N/A,N/A,N/A,N/A,N/A,N/A,N/A,N/A,N/A,N/A,N/A,,,,,,
B9J08_001617,B9J08_001617-t37_1,hypothetical protein,N/A,N/A,N/A,N/A,N/A,N/A,N/A,N/A,N/A,N/A,N/A,N/A,N/A,N/A,,,,,,
B9J08_001621,B9J08_001621-t37_1,hypothetical protein,N/A,N/A,N/A,N/A,N/A,N/A,N/A,N/A,N/A,N/A,N/A,N/A,N/A,N/A,,,,,,
B9J08_001630,B9J08_001630-t37_1,hypothetical protein,N/A,N/A,N/A,N/A,N/A,N/A,N/A,N/A,N/A,N/A,N/A,N/A,N/A,N/A,,,,,,
B9J08_001637,B9J08_001637-t37_1,hypothetical protein,N/A,N/A,N/A,N/A,N/A,N/A,N/A,N/A,N/A,N/A,N/A,N/A,N/A,N/A,,,,,,
B9J08_001638,B9J08_001638-t37_1,hypothetical protein,N/A,N/A,N/A,N/A,N/A,N/A,N/A,N/A,N/A,N/A,N/A,N/A,N/A,N/A,,,,,,
B9J08_001639,B9J08_001639-t37_1,hypothetical protein,N/A,N/A,N/A,N/A,N/A,N/A,N/A,N/A,N/A,N/A,N/A,N/A,N/A,N/A,,,,,,
B9J08_001659,B9J08_001659-t37_1,hypothetical protein,N/A,N/A,N/A,N/A,N/A,N/A,N/A,N/A,N/A,N/A,N/A,N/A,N/A,N/A,,,,,,
B9J08_001663,B9J08_001663-t37_1,hypothetical protein,N/A,N/A,N/A,N/A,N/A,N/A,N/A,N/A,N/A,N/A,N/A,N/A,N/A,N/A,,,,,,
B9J08_001666,B9J08_001666-t37_1,hypothetical protein,N/A,N/A,N/A,N/A,N/A,N/A,N/A,N/A,N/A,N/A,N/A,N/A,N/A,N/A,,,,,,
B9J08_001678,B9J08_001678-t37_1,hypothetical protein,N/A,N/A,N/A,N/A,N/A,N/A,N/A,N/A,N/A,N/A,N/A,N/A,N/A,N/A,,,,,,
B9J08_001680,B9J08_001680-t37_1,hypothetical protein,N/A,N/A,N/A,N/A,N/A,N/A,N/A,N/A,N/A,N/A,N/A,N/A,N/A,N/A,,,,,,
B9J08_001683,B9J08_001683-t37_1,hypothetical protein,N/A,N/A,N/A,N/A,N/A,N/A,N/A,N/A,N/A,N/A,N/A,N/A,N/A,N/A,,,,,,
B9J08_001698,B9J08_001698-t37_1,hypothetical protein,N/A,N/A,N/A,N/A,N/A,N/A,N/A,N/A,N/A,N/A,N/A,N/A,N/A,N/A,,,,,,
B9J08_001699,B9J08_001699-t37_1,hypothetical protein,N/A,N/A,N/A,N/A,N/A,N/A,N/A,N/A,N/A,N/A,N/A,N/A,N/A,N/A,,,,,,
B9J08_001700,B9J08_001700-t37_1,hypothetical protein,N/A,N/A,N/A,N/A,N/A,N/A,N/A,N/A,N/A,N/A,N/A,N/A,N/A,N/A,,,,,,
B9J08_001714,B9J08_001714-t37_1,hypothetical protein,N/A,N/A,N/A,N/A,N/A,N/A,N/A,N/A,N/A,N/A,N/A,N/A,N/A,N/A,,,,,,
B9J08_001719,B9J08_001719-t37_1,hypothetical protein,N/A,N/A,N/A,N/A,N/A,N/A,N/A,N/A,N/A,N/A,N/A,N/A,N/A,N/A,,,,,,
B9J08_001721,B9J08_001721-t37_1,hypothetical protein,N/A,N/A,N/A,N/A,N/A,N/A,N/A,N/A,N/A,N/A,N/A,N/A,N/A,N/A,,,,,,
B9J08_001725,B9J08_001725-t37_1,hypothetical protein,N/A,N/A,N/A,N/A,N/A,N/A,N/A,N/A,N/A,N/A,N/A,N/A,N/A,N/A,,,,,,
B9J08_001729,B9J08_001729-t37_1,hypothetical protein,N/A,N/A,N/A,N/A,N/A,N/A,N/A,N/A,N/A,N/A,N/A,N/A,N/A,N/A,,,,,,
B9J08_001731,B9J08_001731-t37_1,hypothetical protein,N/A,N/A,N/A,N/A,N/A,N/A,N/A,N/A,N/A,N/A,N/A,N/A,N/A,N/A,,,,,,
B9J08_001738,B9J08_001738-t37_1,hypothetical protein,N/A,N/A,N/A,N/A,N/A,N/A,N/A,N/A,N/A,N/A,N/A,N/A,N/A,N/A,,,,,,
B9J08_001746,B9J08_001746-t37_1,hypothetical protein,N/A,N/A,N/A,N/A,N/A,N/A,N/A,N/A,N/A,N/A,N/A,N/A,N/A,N/A,,,,,,
B9J08_001750,B9J08_001750-t37_1,hypothetical protein,N/A,N/A,N/A,N/A,N/A,N/A,N/A,N/A,N/A,N/A,N/A,N/A,N/A,N/A,,,,,,
B9J08_001751,B9J08_001751-t37_1,hypothetical protein,N/A,N/A,N/A,N/A,N/A,N/A,N/A,N/A,N/A,N/A,N/A,N/A,N/A,N/A,,,,,,
B9J08_001753,B9J08_001753-t37_1,hypothetical protein,N/A,N/A,N/A,N/A,N/A,N/A,N/A,N/A,N/A,N/A,N/A,N/A,N/A,N/A,,,,,,
B9J08_001760,B9J08_001760-t37_1,hypothetical protein,N/A,N/A,N/A,N/A,N/A,N/A,N/A,N/A,N/A,N/A,N/A,N/A,N/A,N/A,,,,,,
B9J08_001777,B9J08_001777-t37_1,hypothetical protein,N/A,N/A,N/A,N/A,N/A,N/A,N/A,N/A,N/A,N/A,N/A,N/A,N/A,N/A,,,,,,
B9J08_001781,B9J08_001781-t37_1,hypothetical protein,N/A,N/A,N/A,N/A,N/A,N/A,N/A,N/A,N/A,N/A,N/A,N/A,N/A,N/A,,,,,,
B9J08_001785,B9J08_001785-t37_1,hypothetical protein,N/A,N/A,N/A,N/A,N/A,N/A,N/A,N/A,N/A,N/A,N/A,N/A,N/A,N/A,,,,,,
B9J08_001792,B9J08_001792-t37_1,hypothetical protein,N/A,N/A,N/A,N/A,N/A,N/A,N/A,N/A,N/A,N/A,N/A,N/A,N/A,N/A,,,,,,
B9J08_001807,B9J08_001807-t37_1,hypothetical protein,N/A,N/A,N/A,N/A,N/A,N/A,N/A,N/A,N/A,N/A,N/A,N/A,N/A,N/A,,,,,,
B9J08_001812,B9J08_001812-t37_1,hypothetical protein,N/A,N/A,N/A,N/A,N/A,N/A,N/A,N/A,N/A,N/A,N/A,N/A,N/A,N/A,,,,,,
B9J08_001830,B9J08_001830-t37_1,hypothetical protein,N/A,N/A,N/A,N/A,N/A,N/A,N/A,N/A,N/A,N/A,N/A,N/A,N/A,N/A,,,,,,
B9J08_001831,B9J08_001831-t37_1,hypothetical protein,N/A,N/A,N/A,N/A,N/A,N/A,N/A,N/A,N/A,N/A,N/A,N/A,N/A,N/A,,,,,,
B9J08_001840,B9J08_001840-t37_1,hypothetical protein,N/A,N/A,N/A,N/A,N/A,N/A,N/A,N/A,N/A,N/A,N/A,N/A,N/A,N/A,,,,,,
B9J08_001854,B9J08_001854-t37_1,hypothetical protein,N/A,N/A,N/A,N/A,N/A,N/A,N/A,N/A,N/A,N/A,N/A,N/A,N/A,N/A,,,,,,
B9J08_001862,B9J08_001862-t37_1,hypothetical protein,N/A,N/A,N/A,N/A,N/A,N/A,N/A,N/A,N/A,N/A,N/A,N/A,N/A,N/A,,,,,,
B9J08_001866,B9J08_001866-t37_1,hypothetical protein,N/A,N/A,N/A,N/A,N/A,N/A,N/A,N/A,N/A,N/A,N/A,N/A,N/A,N/A,,,,,,
B9J08_001867,B9J08_001867-t37_1,hypothetical protein,N/A,N/A,N/A,N/A,N/A,N/A,N/A,N/A,N/A,N/A,N/A,N/A,N/A,N/A,,,,,,
B9J08_001882,B9J08_001882-t37_1,hypothetical protein,N/A,N/A,N/A,N/A,N/A,N/A,N/A,N/A,N/A,N/A,N/A,N/A,N/A,N/A,,,,,,
B9J08_001891,B9J08_001891-t37_1,hypothetical protein,N/A,N/A,N/A,N/A,N/A,N/A,N/A,N/A,N/A,N/A,N/A,N/A,N/A,N/A,,,,,,
B9J08_001894,B9J08_001894-t37_1,hypothetical protein,N/A,N/A,N/A,N/A,N/A,N/A,N/A,N/A,N/A,N/A,N/A,N/A,N/A,N/A,,,,,,
B9J08_001918,B9J08_001918-t37_1,hypothetical protein,N/A,N/A,N/A,N/A,N/A,N/A,N/A,N/A,N/A,N/A,N/A,N/A,N/A,N/A,,,,,,
B9J08_001932,B9J08_001932-t37_1,hypothetical protein,N/A,N/A,N/A,N/A,N/A,N/A,N/A,N/A,N/A,N/A,N/A,N/A,N/A,N/A,,,,,,
B9J08_001942,B9J08_001942-t37_1,hypothetical protein,N/A,N/A,N/A,N/A,N/A,N/A,N/A,N/A,N/A,N/A,N/A,N/A,N/A,N/A,,,,,,
B9J08_001949,B9J08_001949-t37_1,hypothetical protein,N/A,N/A,N/A,N/A,N/A,N/A,N/A,N/A,N/A,N/A,N/A,N/A,N/A,N/A,,,,,,
B9J08_001951,B9J08_001951-t37_1,hypothetical protein,N/A,N/A,N/A,N/A,N/A,N/A,N/A,N/A,N/A,N/A,N/A,N/A,N/A,N/A,,,,,,
B9J08_001954,B9J08_001954-t37_1,hypothetical protein,N/A,N/A,N/A,N/A,N/A,N/A,N/A,N/A,N/A,N/A,N/A,N/A,N/A,N/A,,,,,,
B9J08_001962,B9J08_001962-t37_1,hypothetical protein,N/A,N/A,N/A,N/A,N/A,N/A,N/A,N/A,N/A,N/A,N/A,N/A,N/A,N/A,,,,,,
B9J08_001970,B9J08_001970-t37_1,hypothetical protein,N/A,N/A,N/A,N/A,N/A,N/A,N/A,N/A,N/A,N/A,N/A,N/A,N/A,N/A,,,,,,
B9J08_001976,B9J08_001976-t37_1,hypothetical protein,N/A,N/A,N/A,N/A,N/A,N/A,N/A,N/A,N/A,N/A,N/A,N/A,N/A,N/A,,,,,,
B9J08_001980,B9J08_001980-t37_1,hypothetical protein,N/A,N/A,N/A,N/A,N/A,N/A,N/A,N/A,N/A,N/A,N/A,N/A,N/A,N/A,,,,,,
B9J08_001988,B9J08_001988-t37_1,hypothetical protein,N/A,N/A,N/A,N/A,N/A,N/A,N/A,N/A,N/A,N/A,N/A,N/A,N/A,N/A,,,,,,
B9J08_002007,B9J08_002007-t37_1,hypothetical protein,N/A,N/A,N/A,N/A,N/A,N/A,N/A,N/A,N/A,N/A,N/A,N/A,N/A,N/A,,,,,,
B9J08_002012,B9J08_002012-t37_1,hypothetical protein,N/A,N/A,N/A,N/A,N/A,N/A,N/A,N/A,N/A,N/A,N/A,N/A,N/A,N/A,,,,,,
B9J08_002013,B9J08_002013-t37_1,hypothetical protein,N/A,N/A,N/A,N/A,N/A,N/A,N/A,N/A,N/A,N/A,N/A,N/A,N/A,N/A,,,,,,
B9J08_002015,B9J08_002015-t37_1,hypothetical protein,N/A,N/A,N/A,N/A,N/A,N/A,N/A,N/A,N/A,N/A,N/A,N/A,N/A,N/A,,,,,,
B9J08_002021,B9J08_002021-t37_1,hypothetical protein,N/A,N/A,N/A,N/A,N/A,N/A,N/A,N/A,N/A,N/A,N/A,N/A,N/A,N/A,,,,,,
B9J08_002031,B9J08_002031-t37_1,hypothetical protein,N/A,N/A,N/A,N/A,N/A,N/A,N/A,N/A,N/A,N/A,N/A,N/A,N/A,N/A,,,,,,
B9J08_002037,B9J08_002037-t37_1,hypothetical protein,N/A,N/A,N/A,N/A,N/A,N/A,N/A,N/A,N/A,N/A,N/A,N/A,N/A,N/A,,,,,,
B9J08_002049,B9J08_002049-t37_1,hypothetical protein,N/A,N/A,N/A,N/A,N/A,N/A,N/A,N/A,N/A,N/A,N/A,N/A,N/A,N/A,,,,,,
B9J08_002055,B9J08_002055-t37_1,hypothetical protein,N/A,N/A,N/A,N/A,N/A,N/A,N/A,N/A,N/A,N/A,N/A,N/A,N/A,N/A,,,,,,
B9J08_002082,B9J08_002082-t37_1,hypothetical protein,N/A,N/A,N/A,N/A,N/A,N/A,N/A,N/A,N/A,N/A,N/A,N/A,N/A,N/A,,,,,,
B9J08_002084,B9J08_002084-t37_1,hypothetical protein,N/A,N/A,N/A,N/A,N/A,N/A,N/A,N/A,N/A,N/A,N/A,N/A,N/A,N/A,,,,,,
B9J08_002086,B9J08_002086-t37_1,hypothetical protein,N/A,N/A,N/A,N/A,N/A,N/A,N/A,N/A,N/A,N/A,N/A,N/A,N/A,N/A,,,,,,
B9J08_002118,B9J08_002118-t37_1,hypothetical protein,N/A,N/A,N/A,N/A,N/A,N/A,N/A,N/A,N/A,N/A,N/A,N/A,N/A,N/A,,,,,,
B9J08_002119,B9J08_002119-t37_1,hypothetical protein,N/A,N/A,N/A,N/A,N/A,N/A,N/A,N/A,N/A,N/A,N/A,N/A,N/A,N/A,,,,,,
B9J08_002133,B9J08_002133-t37_1,hypothetical protein,N/A,N/A,N/A,N/A,N/A,N/A,N/A,N/A,N/A,N/A,N/A,N/A,N/A,2.3.2.27 (RING-type E3 ubiquitin transferase);2.7.-.- (Transferring phosphorus-containing groups.),,,,,,
B9J08_002156,B9J08_002156-t37_1,hypothetical protein,N/A,N/A,N/A,N/A,N/A,N/A,N/A,N/A,N/A,N/A,N/A,N/A,N/A,N/A,,,,,,
B9J08_002158,B9J08_002158-t37_1,hypothetical protein,N/A,N/A,N/A,N/A,N/A,N/A,N/A,N/A,N/A,N/A,N/A,N/A,N/A,N/A,,,,,,
B9J08_002159,B9J08_002159-t37_1,hypothetical protein,N/A,N/A,N/A,N/A,N/A,N/A,N/A,N/A,N/A,N/A,N/A,N/A,N/A,N/A,,,,,,
B9J08_002161,B9J08_002161-t37_1,hypothetical protein,N/A,N/A,N/A,N/A,N/A,N/A,N/A,N/A,N/A,N/A,N/A,N/A,N/A,N/A,,,,,,
B9J08_002175,B9J08_002175-t37_1,hypothetical protein,N/A,N/A,N/A,N/A,N/A,N/A,N/A,N/A,N/A,N/A,N/A,N/A,N/A,N/A,,,,,,
B9J08_002176,B9J08_002176-t37_1,hypothetical protein,N/A,N/A,N/A,N/A,N/A,N/A,N/A,N/A,N/A,N/A,N/A,N/A,N/A,N/A,,,,,,
B9J08_002178,B9J08_002178-t37_1,hypothetical protein,N/A,N/A,N/A,N/A,N/A,N/A,N/A,N/A,N/A,N/A,N/A,N/A,N/A,N/A,,,,,,
B9J08_002189,B9J08_002189-t37_1,hypothetical protein,N/A,N/A,N/A,N/A,N/A,N/A,N/A,N/A,N/A,N/A,N/A,N/A,N/A,N/A,,,,,,
B9J08_002204,B9J08_002204-t37_1,hypothetical protein,N/A,N/A,N/A,N/A,N/A,N/A,N/A,N/A,N/A,N/A,N/A,N/A,N/A,N/A,,,,,,
B9J08_002205,B9J08_002205-t37_1,hypothetical protein,N/A,N/A,N/A,N/A,N/A,N/A,N/A,N/A,N/A,N/A,N/A,N/A,N/A,N/A,,,,,,
B9J08_002214,B9J08_002214-t37_1,hypothetical protein,N/A,N/A,N/A,N/A,N/A,N/A,N/A,N/A,N/A,N/A,N/A,N/A,N/A,3.1.1.17 (Gluconolactonase),,,,,,
B9J08_002216,B9J08_002216-t37_1,hypothetical protein,N/A,N/A,N/A,N/A,N/A,N/A,N/A,N/A,N/A,N/A,N/A,N/A,N/A,N/A,,,,,,
B9J08_002218,B9J08_002218-t37_1,hypothetical protein,N/A,N/A,N/A,N/A,N/A,N/A,N/A,N/A,N/A,N/A,N/A,N/A,N/A,N/A,,,,,,
B9J08_002226,B9J08_002226-t37_1,hypothetical protein,N/A,N/A,N/A,N/A,N/A,N/A,N/A,N/A,N/A,N/A,N/A,N/A,N/A,N/A,,,,,,
B9J08_002229,B9J08_002229-t37_1,hypothetical protein,N/A,N/A,N/A,N/A,N/A,N/A,N/A,N/A,N/A,N/A,N/A,N/A,N/A,N/A,,,,,,
B9J08_002234,B9J08_002234-t37_1,hypothetical protein,N/A,N/A,N/A,N/A,N/A,N/A,N/A,N/A,N/A,N/A,N/A,N/A,N/A,N/A,,,,,,
B9J08_002244,B9J08_002244-t37_1,hypothetical protein,N/A,N/A,N/A,N/A,N/A,N/A,N/A,N/A,N/A,N/A,N/A,N/A,N/A,N/A,,,,,,
B9J08_002247,B9J08_002247-t37_1,hypothetical protein,N/A,N/A,N/A,N/A,N/A,N/A,N/A,N/A,N/A,N/A,N/A,N/A,N/A,N/A,,,,,,
B9J08_002248,B9J08_002248-t37_1,hypothetical protein,N/A,N/A,N/A,N/A,N/A,N/A,N/A,N/A,N/A,N/A,N/A,N/A,N/A,N/A,,,,,,
B9J08_002255,B9J08_002255-t37_1,hypothetical protein,N/A,N/A,N/A,N/A,N/A,N/A,N/A,N/A,N/A,N/A,N/A,N/A,N/A,N/A,,,,,,
B9J08_002270,B9J08_002270-t37_1,hypothetical protein,N/A,N/A,N/A,N/A,N/A,N/A,N/A,N/A,N/A,N/A,N/A,N/A,N/A,N/A,,,,,,
B9J08_002282,B9J08_002282-t37_1,hypothetical protein,N/A,N/A,N/A,N/A,N/A,N/A,N/A,N/A,N/A,N/A,N/A,N/A,N/A,N/A,,,,,,
B9J08_002286,B9J08_002286-t37_1,hypothetical protein,N/A,N/A,N/A,N/A,N/A,N/A,N/A,N/A,N/A,N/A,N/A,N/A,N/A,N/A,,,,,,
B9J08_002288,B9J08_002288-t37_1,hypothetical protein,N/A,N/A,N/A,N/A,N/A,N/A,N/A,N/A,N/A,N/A,N/A,N/A,N/A,N/A,,,,,,
B9J08_002295,B9J08_002295-t37_1,hypothetical protein,N/A,N/A,N/A,N/A,N/A,N/A,N/A,N/A,N/A,N/A,N/A,N/A,N/A,N/A,,,,,,
B9J08_002296,B9J08_002296-t37_1,hypothetical protein,N/A,N/A,N/A,N/A,N/A,N/A,N/A,N/A,N/A,N/A,N/A,N/A,N/A,N/A,,,,,,
B9J08_002305,B9J08_002305-t37_1,hypothetical protein,N/A,N/A,N/A,N/A,N/A,N/A,N/A,N/A,N/A,N/A,N/A,N/A,N/A,N/A,,,,,,
B9J08_002306,B9J08_002306-t37_1,hypothetical protein,N/A,N/A,N/A,N/A,N/A,N/A,N/A,N/A,N/A,N/A,N/A,N/A,N/A,N/A,,,,,,
B9J08_002309,B9J08_002309-t37_1,hypothetical protein,N/A,N/A,N/A,N/A,N/A,N/A,N/A,N/A,N/A,N/A,N/A,N/A,N/A,N/A,,,,,,
B9J08_002314,B9J08_002314-t37_1,hypothetical protein,N/A,N/A,N/A,N/A,N/A,N/A,N/A,N/A,N/A,N/A,N/A,N/A,N/A,N/A,,,,,,
B9J08_002319,B9J08_002319-t37_1,hypothetical protein,N/A,N/A,N/A,N/A,N/A,N/A,N/A,N/A,N/A,N/A,N/A,N/A,N/A,N/A,,,,,,
B9J08_002330,B9J08_002330-t37_1,hypothetical protein,N/A,N/A,N/A,N/A,N/A,N/A,N/A,N/A,N/A,N/A,N/A,N/A,N/A,N/A,,,,,,
B9J08_002353,B9J08_002353-t37_1,hypothetical protein,N/A,N/A,N/A,N/A,N/A,N/A,N/A,N/A,N/A,N/A,N/A,N/A,N/A,N/A,,,,,,
B9J08_002354,B9J08_002354-t37_1,hypothetical protein,N/A,N/A,N/A,N/A,N/A,N/A,N/A,N/A,N/A,N/A,N/A,N/A,N/A,N/A,,,,,,
B9J08_002356,B9J08_002356-t37_1,hypothetical protein,N/A,N/A,N/A,N/A,N/A,N/A,N/A,N/A,N/A,N/A,N/A,N/A,N/A,N/A,,,,,,
B9J08_002359,B9J08_002359-t37_1,hypothetical protein,N/A,N/A,N/A,N/A,N/A,N/A,N/A,N/A,N/A,N/A,N/A,N/A,N/A,N/A,,,,,,
B9J08_002362,B9J08_002362-t37_1,hypothetical protein,N/A,N/A,N/A,N/A,N/A,N/A,N/A,N/A,N/A,N/A,N/A,N/A,N/A,3.1.-.- (Acting on ester bonds.),,,,,,
B9J08_002384,B9J08_002384-t37_1,hypothetical protein,N/A,N/A,N/A,N/A,N/A,N/A,N/A,N/A,N/A,N/A,N/A,N/A,N/A,N/A,,,,,,
B9J08_002387,B9J08_002387-t37_1,hypothetical protein,N/A,N/A,N/A,N/A,N/A,N/A,N/A,N/A,N/A,N/A,N/A,N/A,N/A,N/A,,,,,,
B9J08_002397,B9J08_002397-t37_1,hypothetical protein,N/A,N/A,N/A,N/A,N/A,N/A,N/A,N/A,N/A,N/A,N/A,N/A,N/A,N/A,,,,,,
B9J08_002407,B9J08_002407-t37_1,hypothetical protein,N/A,N/A,N/A,N/A,N/A,N/A,N/A,N/A,N/A,N/A,N/A,N/A,N/A,N/A,,,,,,
B9J08_002441,B9J08_002441-t37_1,hypothetical protein,N/A,N/A,N/A,N/A,N/A,N/A,N/A,N/A,N/A,N/A,N/A,N/A,N/A,N/A,,,,,,
B9J08_002471,B9J08_002471-t37_1,hypothetical protein,N/A,N/A,N/A,N/A,N/A,N/A,N/A,N/A,N/A,N/A,N/A,N/A,N/A,N/A,,,,,,
B9J08_002475,B9J08_002475-t37_1,hypothetical protein,N/A,N/A,N/A,N/A,N/A,N/A,N/A,N/A,N/A,N/A,N/A,N/A,N/A,N/A,,,,,,
B9J08_002492,B9J08_002492-t37_1,hypothetical protein,N/A,N/A,N/A,N/A,N/A,N/A,N/A,N/A,N/A,N/A,N/A,N/A,N/A,N/A,,,,,,
B9J08_002493,B9J08_002493-t37_1,hypothetical protein,N/A,N/A,N/A,N/A,N/A,N/A,N/A,N/A,N/A,N/A,N/A,N/A,N/A,N/A,,,,,,
B9J08_002500,B9J08_002500-t37_1,hypothetical protein,N/A,N/A,N/A,N/A,N/A,N/A,N/A,N/A,N/A,N/A,N/A,N/A,N/A,N/A,,,,,,
B9J08_002507,B9J08_002507-t37_1,hypothetical protein,N/A,N/A,N/A,N/A,N/A,N/A,N/A,N/A,N/A,N/A,N/A,N/A,N/A,N/A,,,,,,
B9J08_002509,B9J08_002509-t37_1,hypothetical protein,N/A,N/A,N/A,N/A,N/A,N/A,N/A,N/A,N/A,N/A,N/A,N/A,N/A,N/A,,,,,,
B9J08_002514,B9J08_002514-t37_1,hypothetical protein,N/A,N/A,N/A,N/A,N/A,N/A,N/A,N/A,N/A,N/A,N/A,N/A,N/A,N/A,,,,,,
B9J08_002515,B9J08_002515-t37_1,hypothetical protein,N/A,N/A,N/A,N/A,N/A,N/A,N/A,N/A,N/A,N/A,N/A,N/A,N/A,N/A,,,,,,
B9J08_002520,B9J08_002520-t37_1,hypothetical protein,N/A,N/A,N/A,N/A,N/A,N/A,N/A,N/A,N/A,N/A,N/A,N/A,N/A,N/A,,,,,,
B9J08_002522,B9J08_002522-t37_1,hypothetical protein,N/A,N/A,N/A,N/A,N/A,N/A,N/A,N/A,N/A,N/A,N/A,N/A,N/A,N/A,,,,,,
B9J08_002525,B9J08_002525-t37_1,hypothetical protein,N/A,N/A,N/A,N/A,N/A,N/A,N/A,N/A,N/A,N/A,N/A,N/A,N/A,N/A,,,,,,
B9J08_002538,B9J08_002538-t37_1,hypothetical protein,N/A,N/A,N/A,N/A,N/A,N/A,N/A,N/A,N/A,N/A,N/A,N/A,N/A,"1.13.11.24 (Quercetin 2,3-dioxygenase)",,,,,,
B9J08_002540,B9J08_002540-t37_1,hypothetical protein,N/A,N/A,N/A,N/A,N/A,N/A,N/A,N/A,N/A,N/A,N/A,N/A,N/A,N/A,,,,,,
B9J08_002543,B9J08_002543-t37_1,hypothetical protein,N/A,N/A,N/A,N/A,N/A,N/A,N/A,N/A,N/A,N/A,N/A,N/A,N/A,N/A,,,,,,
B9J08_002545,B9J08_002545-t37_1,hypothetical protein,N/A,N/A,N/A,N/A,N/A,N/A,N/A,N/A,N/A,N/A,N/A,N/A,N/A,N/A,,,,,,
B9J08_002546,B9J08_002546-t37_1,hypothetical protein,N/A,N/A,N/A,N/A,N/A,N/A,N/A,N/A,N/A,N/A,N/A,N/A,N/A,N/A,,,,,,
B9J08_002552,B9J08_002552-t37_1,hypothetical protein,N/A,N/A,N/A,N/A,N/A,N/A,N/A,N/A,N/A,N/A,N/A,N/A,N/A,N/A,,,,,,
B9J08_002557,B9J08_002557-t37_1,hypothetical protein,N/A,N/A,N/A,N/A,N/A,N/A,N/A,N/A,N/A,N/A,N/A,N/A,N/A,N/A,,,,,,
B9J08_002561,B9J08_002561-t37_1,hypothetical protein,N/A,N/A,N/A,N/A,N/A,N/A,N/A,N/A,N/A,N/A,N/A,N/A,N/A,N/A,,,,,,
B9J08_002563,B9J08_002563-t37_1,hypothetical protein,N/A,N/A,N/A,N/A,N/A,N/A,N/A,N/A,N/A,N/A,N/A,N/A,N/A,N/A,,,,,,
B9J08_002565,B9J08_002565-t37_1,hypothetical protein,N/A,N/A,N/A,N/A,N/A,N/A,N/A,N/A,N/A,N/A,N/A,N/A,N/A,N/A,,,,,,
B9J08_002574,B9J08_002574-t37_1,hypothetical protein,N/A,N/A,N/A,N/A,N/A,N/A,N/A,N/A,N/A,N/A,N/A,N/A,N/A,N/A,,,,,,
B9J08_002584,B9J08_002584-t37_1,hypothetical protein,N/A,N/A,N/A,N/A,N/A,N/A,N/A,N/A,N/A,N/A,N/A,N/A,N/A,N/A,,,,,,
B9J08_002593,B9J08_002593-t37_1,hypothetical protein,N/A,N/A,N/A,N/A,N/A,N/A,N/A,N/A,N/A,N/A,N/A,N/A,N/A,N/A,,,,,,
B9J08_002613,B9J08_002613-t37_1,hypothetical protein,N/A,N/A,N/A,N/A,N/A,N/A,N/A,N/A,N/A,N/A,N/A,N/A,N/A,N/A,,,,,,
B9J08_002616,B9J08_002616-t37_1,hypothetical protein,N/A,N/A,N/A,N/A,N/A,N/A,N/A,N/A,N/A,N/A,N/A,N/A,N/A,N/A,,,,,,
B9J08_002621,B9J08_002621-t37_1,hypothetical protein,N/A,N/A,N/A,N/A,N/A,N/A,N/A,N/A,N/A,N/A,N/A,N/A,N/A,N/A,,,,,,
B9J08_002624,B9J08_002624-t37_1,hypothetical protein,N/A,N/A,N/A,N/A,N/A,N/A,N/A,N/A,N/A,N/A,N/A,N/A,N/A,N/A,,,,,,
B9J08_002626,B9J08_002626-t37_1,hypothetical protein,N/A,N/A,N/A,N/A,N/A,N/A,N/A,N/A,N/A,N/A,N/A,N/A,N/A,N/A,,,,,,
B9J08_002633,B9J08_002633-t37_1,hypothetical protein,N/A,N/A,N/A,N/A,N/A,N/A,N/A,N/A,N/A,N/A,N/A,N/A,N/A,N/A,,,,,,
B9J08_002640,B9J08_002640-t37_1,hypothetical protein,N/A,N/A,N/A,N/A,N/A,N/A,N/A,N/A,N/A,N/A,N/A,N/A,N/A,N/A,,,,,,
B9J08_002641,B9J08_002641-t37_1,hypothetical protein,N/A,N/A,N/A,N/A,N/A,N/A,N/A,N/A,N/A,N/A,N/A,N/A,N/A,N/A,,,,,,
B9J08_002650,B9J08_002650-t37_1,hypothetical protein,N/A,N/A,N/A,N/A,N/A,N/A,N/A,N/A,N/A,N/A,N/A,N/A,N/A,N/A,,,,,,
B9J08_002655,B9J08_002655-t37_1,hypothetical protein,N/A,N/A,N/A,N/A,N/A,N/A,N/A,N/A,N/A,N/A,N/A,N/A,N/A,N/A,,,,,,
B9J08_002681,B9J08_002681-t37_1,hypothetical protein,N/A,N/A,N/A,N/A,N/A,N/A,N/A,N/A,N/A,N/A,N/A,N/A,N/A,N/A,,,,,,
B9J08_002686,B9J08_002686-t37_1,hypothetical protein,N/A,N/A,N/A,N/A,N/A,N/A,N/A,N/A,N/A,N/A,N/A,N/A,N/A,N/A,,,,,,
B9J08_002690,B9J08_002690-t37_1,hypothetical protein,N/A,N/A,N/A,N/A,N/A,N/A,N/A,N/A,N/A,N/A,N/A,N/A,5.1.1.1 (Alanine racemase),4.1.2.5 (L-threonine aldolase);4.3.1.18 (D-serine ammonia-lyase);5.1.1.1 (Alanine racemase),,,,,,
B9J08_002695,B9J08_002695-t37_1,hypothetical protein,N/A,N/A,N/A,N/A,N/A,N/A,N/A,N/A,N/A,N/A,N/A,N/A,N/A,N/A,,,,,,
B9J08_002705,B9J08_002705-t37_1,hypothetical protein,N/A,N/A,N/A,N/A,N/A,N/A,N/A,N/A,N/A,N/A,N/A,N/A,N/A,N/A,,,,,,
B9J08_002709,B9J08_002709-t37_1,hypothetical protein,N/A,N/A,N/A,N/A,N/A,N/A,N/A,N/A,N/A,N/A,N/A,N/A,N/A,N/A,,,,,,
B9J08_002726,B9J08_002726-t37_1,hypothetical protein,N/A,N/A,N/A,N/A,N/A,N/A,N/A,N/A,N/A,N/A,N/A,N/A,N/A,N/A,,,,,,
B9J08_002727,B9J08_002727-t37_1,hypothetical protein,N/A,N/A,N/A,N/A,N/A,N/A,N/A,N/A,N/A,N/A,N/A,N/A,N/A,N/A,,,,,,
B9J08_002729,B9J08_002729-t37_1,hypothetical protein,N/A,N/A,N/A,N/A,N/A,N/A,N/A,N/A,N/A,N/A,N/A,N/A,N/A,N/A,,,,,,
B9J08_002730,B9J08_002730-t37_1,hypothetical protein,N/A,N/A,N/A,N/A,N/A,N/A,N/A,N/A,N/A,N/A,N/A,N/A,N/A,N/A,,,,,,
B9J08_002731,B9J08_002731-t37_1,hypothetical protein,N/A,N/A,N/A,N/A,N/A,N/A,N/A,N/A,N/A,N/A,N/A,N/A,N/A,N/A,,,,,,
B9J08_002734,B9J08_002734-t37_1,hypothetical protein,N/A,N/A,N/A,N/A,N/A,N/A,N/A,N/A,N/A,N/A,N/A,N/A,N/A,N/A,,,,,,
B9J08_002735,B9J08_002735-t37_1,hypothetical protein,N/A,N/A,N/A,N/A,N/A,N/A,N/A,N/A,N/A,N/A,N/A,N/A,N/A,N/A,,,,,,
B9J08_002739,B9J08_002739-t37_1,hypothetical protein,N/A,N/A,N/A,N/A,N/A,N/A,N/A,N/A,N/A,N/A,N/A,N/A,N/A,4.2.1.2 (Fumarate hydratase),,,,,,
B9J08_002747,B9J08_002747-t37_1,hypothetical protein,N/A,N/A,N/A,N/A,N/A,N/A,N/A,N/A,N/A,N/A,N/A,N/A,N/A,N/A,,,,,,
B9J08_002753,B9J08_002753-t37_1,hypothetical protein,N/A,N/A,N/A,N/A,N/A,N/A,N/A,N/A,N/A,N/A,N/A,N/A,N/A,N/A,,,,,,
B9J08_002754,B9J08_002754-t37_1,hypothetical protein,N/A,N/A,N/A,N/A,N/A,N/A,N/A,N/A,N/A,N/A,N/A,N/A,N/A,N/A,,,,,,
B9J08_002757,B9J08_002757-t37_1,hypothetical protein,N/A,N/A,N/A,N/A,N/A,N/A,N/A,N/A,N/A,N/A,N/A,N/A,N/A,N/A,,,,,,
B9J08_002760,B9J08_002760-t37_1,hypothetical protein,N/A,N/A,N/A,N/A,N/A,N/A,N/A,N/A,N/A,N/A,N/A,N/A,N/A,N/A,,,,,,
B9J08_002773,B9J08_002773-t37_1,hypothetical protein,N/A,N/A,N/A,N/A,N/A,N/A,N/A,N/A,N/A,N/A,N/A,N/A,N/A,N/A,,,,,,
B9J08_002799,B9J08_002799-t37_1,hypothetical protein,N/A,N/A,N/A,N/A,N/A,N/A,N/A,N/A,N/A,N/A,N/A,N/A,N/A,N/A,,,,,,
B9J08_002803,B9J08_002803-t37_1,hypothetical protein,N/A,N/A,N/A,N/A,N/A,N/A,N/A,N/A,N/A,N/A,N/A,N/A,2.7.11.1 (Non-specific serine/threonine protein kinase),2.7.11.1 (Non-specific serine/threonine protein kinase),,,,,,
B9J08_002825,B9J08_002825-t37_1,hypothetical protein,N/A,N/A,N/A,N/A,N/A,N/A,N/A,N/A,N/A,N/A,N/A,N/A,N/A,N/A,,,,,,
B9J08_002833,B9J08_002833-t37_1,hypothetical protein,N/A,N/A,N/A,N/A,N/A,N/A,N/A,N/A,N/A,N/A,N/A,N/A,N/A,N/A,,,,,,
B9J08_002869,B9J08_002869-t37_1,hypothetical protein,N/A,N/A,N/A,N/A,N/A,N/A,N/A,N/A,N/A,N/A,N/A,N/A,N/A,N/A,,,,,,
B9J08_002884,B9J08_002884-t37_1,hypothetical protein,N/A,N/A,N/A,N/A,N/A,N/A,N/A,N/A,N/A,N/A,N/A,N/A,N/A,N/A,,,,,,
B9J08_002887,B9J08_002887-t37_1,hypothetical protein,N/A,N/A,N/A,N/A,N/A,N/A,N/A,N/A,N/A,N/A,N/A,N/A,N/A,5.4.-.- (Intramolecular transferases.);5.4.2.- (Phosphotransferases (phosphomutases).),,,,,,
B9J08_002889,B9J08_002889-t37_1,hypothetical protein,N/A,N/A,N/A,N/A,N/A,N/A,N/A,N/A,N/A,N/A,N/A,N/A,N/A,N/A,,,,,,
B9J08_002899,B9J08_002899-t37_1,hypothetical protein,N/A,N/A,N/A,N/A,N/A,N/A,N/A,N/A,N/A,N/A,N/A,N/A,N/A,N/A,,,,,,
B9J08_002925,B9J08_002925-t37_1,hypothetical protein,N/A,N/A,N/A,N/A,N/A,N/A,N/A,N/A,N/A,N/A,N/A,N/A,N/A,N/A,,,,,,
B9J08_002933,B9J08_002933-t37_1,hypothetical protein,N/A,N/A,N/A,N/A,N/A,N/A,N/A,N/A,N/A,N/A,N/A,N/A,N/A,N/A,,,,,,
B9J08_002949,B9J08_002949-t37_1,hypothetical protein,N/A,N/A,N/A,N/A,N/A,N/A,N/A,N/A,N/A,N/A,N/A,N/A,N/A,N/A,,,,,,
B9J08_002956,B9J08_002956-t37_1,hypothetical protein,N/A,N/A,N/A,N/A,N/A,N/A,N/A,N/A,N/A,N/A,N/A,N/A,N/A,N/A,,,,,,
B9J08_002958,B9J08_002958-t37_1,hypothetical protein,N/A,N/A,N/A,N/A,N/A,N/A,N/A,N/A,N/A,N/A,N/A,N/A,N/A,N/A,,,,,,
B9J08_002985,B9J08_002985-t37_1,hypothetical protein,N/A,N/A,N/A,N/A,N/A,N/A,N/A,N/A,N/A,N/A,N/A,N/A,N/A,N/A,,,,,,
B9J08_002991,B9J08_002991-t37_1,hypothetical protein,N/A,N/A,N/A,N/A,N/A,N/A,N/A,N/A,N/A,N/A,N/A,N/A,N/A,N/A,,,,,,
B9J08_003003,B9J08_003003-t37_1,hypothetical protein,N/A,N/A,N/A,N/A,N/A,N/A,N/A,N/A,N/A,N/A,N/A,N/A,N/A,N/A,,,,,,
B9J08_003006,B9J08_003006-t37_1,hypothetical protein,N/A,N/A,N/A,N/A,N/A,N/A,N/A,N/A,N/A,N/A,N/A,N/A,N/A,N/A,,,,,,
B9J08_003012,B9J08_003012-t37_1,hypothetical protein,N/A,N/A,N/A,N/A,N/A,N/A,N/A,N/A,N/A,N/A,N/A,N/A,N/A,N/A,,,,,,
B9J08_003015,B9J08_003015-t37_1,hypothetical protein,N/A,N/A,N/A,N/A,N/A,N/A,N/A,N/A,N/A,N/A,N/A,N/A,N/A,3.1.1.- (Carboxylic ester hydrolases.),,,,,,
B9J08_003024,B9J08_003024-t37_1,hypothetical protein,N/A,N/A,N/A,N/A,N/A,N/A,N/A,N/A,N/A,N/A,N/A,N/A,N/A,N/A,,,,,,
B9J08_003025,B9J08_003025-t37_1,hypothetical protein,N/A,N/A,N/A,N/A,N/A,N/A,N/A,N/A,N/A,N/A,N/A,N/A,N/A,N/A,,,,,,
B9J08_003038,B9J08_003038-t37_1,hypothetical protein,N/A,N/A,N/A,N/A,N/A,N/A,N/A,N/A,N/A,N/A,N/A,N/A,N/A,N/A,,,,,,
B9J08_003045,B9J08_003045-t37_1,hypothetical protein,N/A,N/A,N/A,N/A,N/A,N/A,N/A,N/A,N/A,N/A,N/A,N/A,N/A,N/A,,,,,,
B9J08_003070,B9J08_003070-t37_1,hypothetical protein,N/A,N/A,N/A,N/A,N/A,N/A,N/A,N/A,N/A,N/A,N/A,N/A,N/A,N/A,,,,,,
B9J08_003074,B9J08_003074-t37_1,hypothetical protein,N/A,N/A,N/A,N/A,N/A,N/A,N/A,N/A,N/A,N/A,N/A,N/A,N/A,1.16.3.1 (Ferroxidase);2.3.1.- (Transferring groups other than amino-acyl groups.);3.1.-.- (Acting on ester bonds.);3.1.1.- (Carboxylic ester hydrolases.),,,,,,
B9J08_003085,B9J08_003085-t37_1,hypothetical protein,N/A,N/A,N/A,N/A,N/A,N/A,N/A,N/A,N/A,N/A,N/A,N/A,N/A,N/A,,,,,,
B9J08_003109,B9J08_003109-t37_1,hypothetical protein,N/A,N/A,N/A,N/A,N/A,N/A,N/A,N/A,N/A,N/A,N/A,N/A,N/A,N/A,,,,,,
B9J08_003110,B9J08_003110-t37_1,hypothetical protein,N/A,N/A,N/A,N/A,N/A,N/A,N/A,N/A,N/A,N/A,N/A,N/A,N/A,N/A,,,,,,
B9J08_003112,B9J08_003112-t37_1,hypothetical protein,N/A,N/A,N/A,N/A,N/A,N/A,N/A,N/A,N/A,N/A,N/A,N/A,N/A,N/A,,,,,,
B9J08_003129,B9J08_003129-t37_1,hypothetical protein,N/A,N/A,N/A,N/A,N/A,N/A,N/A,N/A,N/A,N/A,N/A,N/A,N/A,N/A,,,,,,
B9J08_003137,B9J08_003137-t37_1,hypothetical protein,N/A,N/A,N/A,N/A,N/A,N/A,N/A,N/A,N/A,N/A,N/A,N/A,N/A,N/A,,,,,,
B9J08_003148,B9J08_003148-t37_1,hypothetical protein,N/A,N/A,N/A,N/A,N/A,N/A,N/A,N/A,N/A,N/A,N/A,N/A,N/A,N/A,,,,,,
B9J08_003149,B9J08_003149-t37_1,hypothetical protein,N/A,N/A,N/A,N/A,N/A,N/A,N/A,N/A,N/A,N/A,N/A,N/A,N/A,N/A,,,,,,
B9J08_003161,B9J08_003161-t37_1,hypothetical protein,N/A,N/A,N/A,N/A,N/A,N/A,N/A,N/A,N/A,N/A,N/A,N/A,N/A,N/A,,,,,,
B9J08_003166,B9J08_003166-t37_1,hypothetical protein,N/A,N/A,N/A,N/A,N/A,N/A,N/A,N/A,N/A,N/A,N/A,N/A,N/A,N/A,,,,,,
B9J08_003174,B9J08_003174-t37_1,hypothetical protein,N/A,N/A,N/A,N/A,N/A,N/A,N/A,N/A,N/A,N/A,N/A,N/A,N/A,N/A,,,,,,
B9J08_003181,B9J08_003181-t37_1,hypothetical protein,N/A,N/A,N/A,N/A,N/A,N/A,N/A,N/A,N/A,N/A,N/A,N/A,N/A,N/A,,,,,,
B9J08_003182,B9J08_003182-t37_1,hypothetical protein,N/A,N/A,N/A,N/A,N/A,N/A,N/A,N/A,N/A,N/A,N/A,N/A,N/A,N/A,,,,,,
B9J08_003188,B9J08_003188-t37_1,hypothetical protein,N/A,N/A,N/A,N/A,N/A,N/A,N/A,N/A,N/A,N/A,N/A,N/A,N/A,N/A,,,,,,
B9J08_003191,B9J08_003191-t37_1,hypothetical protein,N/A,N/A,N/A,N/A,N/A,N/A,N/A,N/A,N/A,N/A,N/A,N/A,N/A,N/A,,,,,,
B9J08_003204,B9J08_003204-t37_1,hypothetical protein,N/A,N/A,N/A,N/A,N/A,N/A,N/A,N/A,N/A,N/A,N/A,N/A,N/A,N/A,,,,,,
B9J08_003214,B9J08_003214-t37_1,hypothetical protein,N/A,N/A,N/A,N/A,N/A,N/A,N/A,N/A,N/A,N/A,N/A,N/A,N/A,N/A,,,,,,
B9J08_003223,B9J08_003223-t37_1,hypothetical protein,N/A,N/A,N/A,N/A,N/A,N/A,N/A,N/A,N/A,N/A,N/A,N/A,N/A,N/A,,,,,,
B9J08_003233,B9J08_003233-t37_1,hypothetical protein,N/A,N/A,N/A,N/A,N/A,N/A,N/A,N/A,N/A,N/A,N/A,N/A,N/A,N/A,,,,,,
B9J08_003236,B9J08_003236-t37_1,hypothetical protein,N/A,N/A,N/A,N/A,N/A,N/A,N/A,N/A,N/A,N/A,N/A,N/A,N/A,N/A,,,,,,
B9J08_003279,B9J08_003279-t37_1,hypothetical protein,N/A,N/A,N/A,N/A,N/A,N/A,N/A,N/A,N/A,N/A,N/A,N/A,N/A,N/A,,,,,,
B9J08_003283,B9J08_003283-t37_1,hypothetical protein,N/A,N/A,N/A,N/A,N/A,N/A,N/A,N/A,N/A,N/A,N/A,N/A,N/A,N/A,,,,,,
B9J08_003286,B9J08_003286-t37_1,hypothetical protein,N/A,N/A,N/A,N/A,N/A,N/A,N/A,N/A,N/A,N/A,N/A,N/A,N/A,N/A,,,,,,
B9J08_003289,B9J08_003289-t37_1,hypothetical protein,N/A,N/A,N/A,N/A,N/A,N/A,N/A,N/A,N/A,N/A,N/A,N/A,N/A,N/A,,,,,,
B9J08_003297,B9J08_003297-t37_1,hypothetical protein,N/A,N/A,N/A,N/A,N/A,N/A,N/A,N/A,N/A,N/A,N/A,N/A,N/A,N/A,,,,,,
B9J08_003317,B9J08_003317-t37_1,hypothetical protein,N/A,N/A,N/A,N/A,N/A,N/A,N/A,N/A,N/A,N/A,N/A,N/A,N/A,N/A,,,,,,
B9J08_003318,B9J08_003318-t37_1,hypothetical protein,N/A,N/A,N/A,N/A,N/A,N/A,N/A,N/A,N/A,N/A,N/A,N/A,N/A,N/A,,,,,,
B9J08_003325,B9J08_003325-t37_1,hypothetical protein,N/A,N/A,N/A,N/A,N/A,N/A,N/A,N/A,N/A,N/A,N/A,N/A,N/A,N/A,,,,,,
B9J08_003332,B9J08_003332-t37_1,hypothetical protein,N/A,N/A,N/A,N/A,N/A,N/A,N/A,N/A,N/A,N/A,N/A,N/A,N/A,N/A,,,,,,
B9J08_003333,B9J08_003333-t37_1,hypothetical protein,N/A,N/A,N/A,N/A,N/A,N/A,N/A,N/A,N/A,N/A,N/A,N/A,N/A,N/A,,,,,,
B9J08_003334,B9J08_003334-t37_1,hypothetical protein,N/A,N/A,N/A,N/A,N/A,N/A,N/A,N/A,N/A,N/A,N/A,N/A,N/A,N/A,,,,,,
B9J08_003342,B9J08_003342-t37_1,hypothetical protein,N/A,N/A,N/A,N/A,N/A,N/A,N/A,N/A,N/A,N/A,N/A,N/A,N/A,N/A,,,,,,
B9J08_003350,B9J08_003350-t37_1,hypothetical protein,N/A,N/A,N/A,N/A,N/A,N/A,N/A,N/A,N/A,N/A,N/A,N/A,N/A,N/A,,,,,,
B9J08_003351,B9J08_003351-t37_1,hypothetical protein,N/A,N/A,N/A,N/A,N/A,N/A,N/A,N/A,N/A,N/A,N/A,N/A,N/A,N/A,,,,,,
B9J08_003358,B9J08_003358-t37_1,hypothetical protein,N/A,N/A,N/A,N/A,N/A,N/A,N/A,N/A,N/A,N/A,N/A,N/A,N/A,N/A,,,,,,
B9J08_003370,B9J08_003370-t37_1,hypothetical protein,N/A,N/A,N/A,N/A,N/A,N/A,N/A,N/A,N/A,N/A,N/A,N/A,N/A,N/A,,,,,,
B9J08_003375,B9J08_003375-t37_1,hypothetical protein,N/A,N/A,N/A,N/A,N/A,N/A,N/A,N/A,N/A,N/A,N/A,N/A,N/A,N/A,,,,,,
B9J08_003388,B9J08_003388-t37_1,hypothetical protein,N/A,N/A,N/A,N/A,N/A,N/A,N/A,N/A,N/A,N/A,N/A,N/A,N/A,N/A,,,,,,
B9J08_003399,B9J08_003399-t37_1,hypothetical protein,N/A,N/A,N/A,N/A,N/A,N/A,N/A,N/A,N/A,N/A,N/A,N/A,N/A,N/A,,,,,,
B9J08_003422,B9J08_003422-t37_1,hypothetical protein,N/A,N/A,N/A,N/A,N/A,N/A,N/A,N/A,N/A,N/A,N/A,N/A,N/A,N/A,,,,,,
B9J08_003434,B9J08_003434-t37_1,hypothetical protein,N/A,N/A,N/A,N/A,N/A,N/A,N/A,N/A,N/A,N/A,N/A,N/A,N/A,N/A,,,,,,
B9J08_003438,B9J08_003438-t37_1,hypothetical protein,N/A,N/A,N/A,N/A,N/A,N/A,N/A,N/A,N/A,N/A,N/A,N/A,N/A,N/A,,,,,,
B9J08_003475,B9J08_003475-t37_1,hypothetical protein,N/A,N/A,N/A,N/A,N/A,N/A,N/A,N/A,N/A,N/A,N/A,N/A,N/A,N/A,,,,,,
B9J08_003481,B9J08_003481-t37_1,hypothetical protein,N/A,N/A,N/A,N/A,N/A,N/A,N/A,N/A,N/A,N/A,N/A,N/A,N/A,N/A,,,,,,
B9J08_003483,B9J08_003483-t37_1,hypothetical protein,N/A,N/A,N/A,N/A,N/A,N/A,N/A,N/A,N/A,N/A,N/A,N/A,N/A,N/A,,,,,,
B9J08_003484,B9J08_003484-t37_1,hypothetical protein,N/A,N/A,N/A,N/A,N/A,N/A,N/A,N/A,N/A,N/A,N/A,N/A,N/A,N/A,,,,,,
B9J08_003487,B9J08_003487-t37_1,hypothetical protein,N/A,N/A,N/A,N/A,N/A,N/A,N/A,N/A,N/A,N/A,N/A,N/A,N/A,N/A,,,,,,
B9J08_003491,B9J08_003491-t37_1,hypothetical protein,N/A,N/A,N/A,N/A,N/A,N/A,N/A,N/A,N/A,N/A,N/A,N/A,N/A,N/A,,,,,,
B9J08_003499,B9J08_003499-t37_1,hypothetical protein,N/A,N/A,N/A,N/A,N/A,N/A,N/A,N/A,N/A,N/A,N/A,N/A,N/A,N/A,,,,,,
B9J08_003507,B9J08_003507-t37_1,hypothetical protein,N/A,N/A,N/A,N/A,N/A,N/A,N/A,N/A,N/A,N/A,N/A,N/A,N/A,N/A,,,,,,
B9J08_003511,B9J08_003511-t37_1,hypothetical protein,N/A,N/A,N/A,N/A,N/A,N/A,N/A,N/A,N/A,N/A,N/A,N/A,N/A,N/A,,,,,,
B9J08_003513,B9J08_003513-t37_1,hypothetical protein,N/A,N/A,N/A,N/A,N/A,N/A,N/A,N/A,N/A,N/A,N/A,N/A,N/A,N/A,,,,,,
B9J08_003526,B9J08_003526-t37_1,hypothetical protein,N/A,N/A,N/A,N/A,N/A,N/A,N/A,N/A,N/A,N/A,N/A,N/A,N/A,N/A,,,,,,
B9J08_003528,B9J08_003528-t37_1,hypothetical protein,N/A,N/A,N/A,N/A,N/A,N/A,N/A,N/A,N/A,N/A,N/A,N/A,N/A,N/A,,,,,,
B9J08_003532,B9J08_003532-t37_1,hypothetical protein,N/A,N/A,N/A,N/A,N/A,N/A,N/A,N/A,N/A,N/A,N/A,N/A,N/A,N/A,,,,,,
B9J08_003534,B9J08_003534-t37_1,hypothetical protein,N/A,N/A,N/A,N/A,N/A,N/A,N/A,N/A,N/A,N/A,N/A,N/A,N/A,N/A,,,,,,
B9J08_003539,B9J08_003539-t37_1,hypothetical protein,N/A,N/A,N/A,N/A,N/A,N/A,N/A,N/A,N/A,N/A,N/A,N/A,N/A,N/A,,,,,,
B9J08_003550,B9J08_003550-t37_1,hypothetical protein,N/A,N/A,N/A,N/A,N/A,N/A,N/A,N/A,N/A,N/A,N/A,N/A,N/A,N/A,,,,,,
B9J08_003551,B9J08_003551-t37_1,hypothetical protein,N/A,N/A,N/A,N/A,N/A,N/A,N/A,N/A,N/A,N/A,N/A,N/A,N/A,N/A,,,,,,
B9J08_003558,B9J08_003558-t37_1,hypothetical protein,N/A,N/A,N/A,N/A,N/A,N/A,N/A,N/A,N/A,N/A,N/A,N/A,N/A,1.14.99.- (Miscellaneous.),,,,,,
B9J08_003591,B9J08_003591-t37_1,hypothetical protein,N/A,N/A,N/A,N/A,N/A,N/A,N/A,N/A,N/A,N/A,N/A,N/A,N/A,N/A,,,,,,
B9J08_003601,B9J08_003601-t37_1,hypothetical protein,N/A,N/A,N/A,N/A,N/A,N/A,N/A,N/A,N/A,N/A,N/A,N/A,N/A,N/A,,,,,,
B9J08_003607,B9J08_003607-t37_1,hypothetical protein,N/A,N/A,N/A,N/A,N/A,N/A,N/A,N/A,N/A,N/A,N/A,N/A,N/A,3.4.21.72 (IgA-specific serine endopeptidase),,,,,,
B9J08_003622,B9J08_003622-t37_1,hypothetical protein,N/A,N/A,N/A,N/A,N/A,N/A,N/A,N/A,N/A,N/A,N/A,N/A,N/A,N/A,,,,,,
B9J08_003627,B9J08_003627-t37_1,hypothetical protein,N/A,N/A,N/A,N/A,N/A,N/A,N/A,N/A,N/A,N/A,N/A,N/A,N/A,N/A,,,,,,
B9J08_003635,B9J08_003635-t37_1,hypothetical protein,N/A,N/A,N/A,N/A,N/A,N/A,N/A,N/A,N/A,N/A,N/A,N/A,N/A,N/A,,,,,,
B9J08_003636,B9J08_003636-t37_1,hypothetical protein,N/A,N/A,N/A,N/A,N/A,N/A,N/A,N/A,N/A,N/A,N/A,N/A,N/A,N/A,,,,,,
B9J08_003637,B9J08_003637-t37_1,hypothetical protein,N/A,N/A,N/A,N/A,N/A,N/A,N/A,N/A,N/A,N/A,N/A,N/A,N/A,N/A,,,,,,
B9J08_003644,B9J08_003644-t37_1,hypothetical protein,N/A,N/A,N/A,N/A,N/A,N/A,N/A,N/A,N/A,N/A,N/A,N/A,N/A,N/A,,,,,,
B9J08_003654,B9J08_003654-t37_1,hypothetical protein,N/A,N/A,N/A,N/A,N/A,N/A,N/A,N/A,N/A,N/A,N/A,N/A,N/A,N/A,,,,,,
B9J08_003683,B9J08_003683-t37_1,hypothetical protein,N/A,N/A,N/A,N/A,N/A,N/A,N/A,N/A,N/A,N/A,N/A,N/A,N/A,N/A,,,,,,
B9J08_003698,B9J08_003698-t37_1,hypothetical protein,N/A,N/A,N/A,N/A,N/A,N/A,N/A,N/A,N/A,N/A,N/A,N/A,N/A,N/A,,,,,,
B9J08_003701,B9J08_003701-t37_1,hypothetical protein,N/A,N/A,N/A,N/A,N/A,N/A,N/A,N/A,N/A,N/A,N/A,N/A,N/A,N/A,,,,,,
B9J08_003704,B9J08_003704-t37_1,hypothetical protein,N/A,N/A,N/A,N/A,N/A,N/A,N/A,N/A,N/A,N/A,N/A,N/A,N/A,N/A,,,,,,
B9J08_003715,B9J08_003715-t37_1,hypothetical protein,N/A,N/A,N/A,N/A,N/A,N/A,N/A,N/A,N/A,N/A,N/A,N/A,N/A,N/A,,,,,,
B9J08_003718,B9J08_003718-t37_1,hypothetical protein,N/A,N/A,N/A,N/A,N/A,N/A,N/A,N/A,N/A,N/A,N/A,N/A,N/A,N/A,,,,,,
B9J08_003723,B9J08_003723-t37_1,hypothetical protein,N/A,N/A,N/A,N/A,N/A,N/A,N/A,N/A,N/A,N/A,N/A,N/A,N/A,N/A,,,,,,
B9J08_003725,B9J08_003725-t37_1,hypothetical protein,N/A,N/A,N/A,N/A,N/A,N/A,N/A,N/A,N/A,N/A,N/A,N/A,N/A,N/A,,,,,,
B9J08_003731,B9J08_003731-t37_1,hypothetical protein,N/A,N/A,N/A,N/A,N/A,N/A,N/A,N/A,N/A,N/A,N/A,N/A,N/A,N/A,,,,,,
B9J08_003733,B9J08_003733-t37_1,hypothetical protein,N/A,N/A,N/A,N/A,N/A,N/A,N/A,N/A,N/A,N/A,N/A,N/A,N/A,N/A,,,,,,
B9J08_003739,B9J08_003739-t37_1,hypothetical protein,N/A,N/A,N/A,N/A,N/A,N/A,N/A,N/A,N/A,N/A,N/A,N/A,N/A,N/A,,,,,,
B9J08_003744,B9J08_003744-t37_1,hypothetical protein,N/A,N/A,N/A,N/A,N/A,N/A,N/A,N/A,N/A,N/A,N/A,N/A,N/A,N/A,,,,,,
B9J08_003751,B9J08_003751-t37_1,hypothetical protein,N/A,N/A,N/A,N/A,N/A,N/A,N/A,N/A,N/A,N/A,N/A,N/A,N/A,N/A,,,,,,
B9J08_003766,B9J08_003766-t37_1,hypothetical protein,N/A,N/A,N/A,N/A,N/A,N/A,N/A,N/A,N/A,N/A,N/A,N/A,N/A,N/A,,,,,,
B9J08_003805,B9J08_003805-t37_1,hypothetical protein,N/A,N/A,N/A,N/A,N/A,N/A,N/A,N/A,N/A,N/A,N/A,N/A,N/A,N/A,,,,,,
B9J08_003810,B9J08_003810-t37_1,hypothetical protein,N/A,N/A,N/A,N/A,N/A,N/A,N/A,N/A,N/A,N/A,N/A,N/A,N/A,N/A,,,,,,
B9J08_003812,B9J08_003812-t37_1,hypothetical protein,N/A,N/A,N/A,N/A,N/A,N/A,N/A,N/A,N/A,N/A,N/A,N/A,N/A,N/A,,,,,,
B9J08_003818,B9J08_003818-t37_1,hypothetical protein,N/A,N/A,N/A,N/A,N/A,N/A,N/A,N/A,N/A,N/A,N/A,N/A,N/A,N/A,,,,,,
B9J08_003841,B9J08_003841-t37_1,hypothetical protein,N/A,N/A,N/A,N/A,N/A,N/A,N/A,N/A,N/A,N/A,N/A,N/A,N/A,N/A,,,,,,
B9J08_003843,B9J08_003843-t37_1,hypothetical protein,N/A,N/A,N/A,N/A,N/A,N/A,N/A,N/A,N/A,N/A,N/A,N/A,N/A,N/A,,,,,,
B9J08_003845,B9J08_003845-t37_1,hypothetical protein,N/A,N/A,N/A,N/A,N/A,N/A,N/A,N/A,N/A,N/A,N/A,N/A,N/A,N/A,,,,,,
B9J08_003853,B9J08_003853-t37_1,hypothetical protein,N/A,N/A,N/A,N/A,N/A,N/A,N/A,N/A,N/A,N/A,N/A,N/A,N/A,N/A,,,,,,
B9J08_003857,B9J08_003857-t37_1,hypothetical protein,N/A,N/A,N/A,N/A,N/A,N/A,N/A,N/A,N/A,N/A,N/A,N/A,N/A,N/A,,,,,,
B9J08_003863,B9J08_003863-t37_1,hypothetical protein,N/A,N/A,N/A,N/A,N/A,N/A,N/A,N/A,N/A,N/A,N/A,N/A,N/A,N/A,,,,,,
B9J08_003875,B9J08_003875-t37_1,hypothetical protein,N/A,N/A,N/A,N/A,N/A,N/A,N/A,N/A,N/A,N/A,N/A,N/A,N/A,N/A,,,,,,
B9J08_003888,B9J08_003888-t37_1,hypothetical protein,N/A,N/A,N/A,N/A,N/A,N/A,N/A,N/A,N/A,N/A,N/A,N/A,N/A,1.6.5.3 (Transferred entry: 7.1.1.2),,,,,,
B9J08_003891,B9J08_003891-t37_1,hypothetical protein,N/A,N/A,N/A,N/A,N/A,N/A,N/A,N/A,N/A,N/A,N/A,N/A,N/A,N/A,,,,,,
B9J08_003898,B9J08_003898-t37_1,hypothetical protein,N/A,N/A,N/A,N/A,N/A,N/A,N/A,N/A,N/A,N/A,N/A,N/A,N/A,N/A,,,,,,
B9J08_003904,B9J08_003904-t37_1,hypothetical protein,N/A,N/A,N/A,N/A,N/A,N/A,N/A,N/A,N/A,N/A,N/A,N/A,N/A,N/A,,,,,,
B9J08_003907,B9J08_003907-t37_1,hypothetical protein,N/A,N/A,N/A,N/A,N/A,N/A,N/A,N/A,N/A,N/A,N/A,N/A,N/A,N/A,,,,,,
B9J08_003909,B9J08_003909-t37_1,hypothetical protein,N/A,N/A,N/A,N/A,N/A,N/A,N/A,N/A,N/A,N/A,N/A,N/A,N/A,3.1.1.- (Carboxylic ester hydrolases.),,,,,,
B9J08_003925,B9J08_003925-t37_1,hypothetical protein,N/A,N/A,N/A,N/A,N/A,N/A,N/A,N/A,N/A,N/A,N/A,N/A,N/A,N/A,,,,,,
B9J08_003929,B9J08_003929-t37_1,hypothetical protein,N/A,N/A,N/A,N/A,N/A,N/A,N/A,N/A,N/A,N/A,N/A,N/A,N/A,N/A,,,,,,
B9J08_003946,B9J08_003946-t37_1,hypothetical protein,N/A,N/A,N/A,N/A,N/A,N/A,N/A,N/A,N/A,N/A,N/A,N/A,N/A,N/A,,,,,,
B9J08_003952,B9J08_003952-t37_1,hypothetical protein,N/A,N/A,N/A,N/A,N/A,N/A,N/A,N/A,N/A,N/A,N/A,N/A,N/A,N/A,,,,,,
B9J08_003958,B9J08_003958-t37_1,hypothetical protein,N/A,N/A,N/A,N/A,N/A,N/A,N/A,N/A,N/A,N/A,N/A,N/A,N/A,N/A,,,,,,
B9J08_003968,B9J08_003968-t37_1,hypothetical protein,N/A,N/A,N/A,N/A,N/A,N/A,N/A,N/A,N/A,N/A,N/A,N/A,N/A,N/A,,,,,,
B9J08_003970,B9J08_003970-t37_1,hypothetical protein,N/A,N/A,N/A,N/A,N/A,N/A,N/A,N/A,N/A,N/A,N/A,N/A,N/A,N/A,,,,,,
B9J08_003974,B9J08_003974-t37_1,hypothetical protein,N/A,N/A,N/A,N/A,N/A,N/A,N/A,N/A,N/A,N/A,N/A,N/A,N/A,N/A,,,,,,
B9J08_003984,B9J08_003984-t37_1,hypothetical protein,N/A,N/A,N/A,N/A,N/A,N/A,N/A,N/A,N/A,N/A,N/A,N/A,N/A,N/A,,,,,,
B9J08_003997,B9J08_003997-t37_1,hypothetical protein,N/A,N/A,N/A,N/A,N/A,N/A,N/A,N/A,N/A,N/A,N/A,N/A,N/A,N/A,,,,,,
B9J08_004002,B9J08_004002-t37_1,hypothetical protein,N/A,N/A,N/A,N/A,N/A,N/A,N/A,N/A,N/A,N/A,N/A,N/A,N/A,N/A,,,,,,
B9J08_004017,B9J08_004017-t37_1,hypothetical protein,N/A,N/A,N/A,N/A,N/A,N/A,N/A,N/A,N/A,N/A,N/A,N/A,N/A,N/A,,,,,,
B9J08_004020,B9J08_004020-t37_1,hypothetical protein,N/A,N/A,N/A,N/A,N/A,N/A,N/A,N/A,N/A,N/A,N/A,N/A,N/A,N/A,,,,,,
B9J08_004027,B9J08_004027-t37_1,hypothetical protein,N/A,N/A,N/A,N/A,N/A,N/A,N/A,N/A,N/A,N/A,N/A,N/A,N/A,3.6.4.13 (RNA helicase),,,,,,
B9J08_004031,B9J08_004031-t37_1,hypothetical protein,N/A,N/A,N/A,N/A,N/A,N/A,N/A,N/A,N/A,N/A,N/A,N/A,N/A,N/A,,,,,,
B9J08_004033,B9J08_004033-t37_1,hypothetical protein,N/A,N/A,N/A,N/A,N/A,N/A,N/A,N/A,N/A,N/A,N/A,N/A,N/A,N/A,,,,,,
B9J08_004034,B9J08_004034-t37_1,hypothetical protein,N/A,N/A,N/A,N/A,N/A,N/A,N/A,N/A,N/A,N/A,N/A,N/A,N/A,N/A,,,,,,
B9J08_004036,B9J08_004036-t37_1,hypothetical protein,N/A,N/A,N/A,N/A,N/A,N/A,N/A,N/A,N/A,N/A,N/A,N/A,N/A,N/A,,,,,,
B9J08_004037,B9J08_004037-t37_1,hypothetical protein,N/A,N/A,N/A,N/A,N/A,N/A,N/A,N/A,N/A,N/A,N/A,N/A,N/A,N/A,,,,,,
B9J08_004047,B9J08_004047-t37_1,hypothetical protein,N/A,N/A,N/A,N/A,N/A,N/A,N/A,N/A,N/A,N/A,N/A,N/A,N/A,N/A,,,,,,
B9J08_004056,B9J08_004056-t37_1,hypothetical protein,N/A,N/A,N/A,N/A,N/A,N/A,N/A,N/A,N/A,N/A,N/A,N/A,N/A,N/A,,,,,,
B9J08_004084,B9J08_004084-t37_1,hypothetical protein,N/A,N/A,N/A,N/A,N/A,N/A,N/A,N/A,N/A,N/A,N/A,N/A,N/A,N/A,,,,,,
B9J08_004087,B9J08_004087-t37_1,hypothetical protein,N/A,N/A,N/A,N/A,N/A,N/A,N/A,N/A,N/A,N/A,N/A,N/A,N/A,N/A,,,,,,
B9J08_004093,B9J08_004093-t37_1,hypothetical protein,N/A,N/A,N/A,N/A,N/A,N/A,N/A,N/A,N/A,N/A,N/A,N/A,N/A,N/A,,,,,,
B9J08_004100,B9J08_004100-t37_1,hypothetical protein,N/A,N/A,N/A,N/A,N/A,N/A,N/A,N/A,N/A,N/A,N/A,N/A,N/A,N/A,,,,,,
B9J08_004101,B9J08_004101-t37_1,hypothetical protein,N/A,N/A,N/A,N/A,N/A,N/A,N/A,N/A,N/A,N/A,N/A,N/A,N/A,N/A,,,,,,
B9J08_004102,B9J08_004102-t37_1,hypothetical protein,N/A,N/A,N/A,N/A,N/A,N/A,N/A,N/A,N/A,N/A,N/A,N/A,N/A,N/A,,,,,,
B9J08_004103,B9J08_004103-t37_1,hypothetical protein,N/A,N/A,N/A,N/A,N/A,N/A,N/A,N/A,N/A,N/A,N/A,N/A,N/A,N/A,,,,,,
B9J08_004105,B9J08_004105-t37_1,hypothetical protein,N/A,N/A,N/A,N/A,N/A,N/A,N/A,N/A,N/A,N/A,N/A,N/A,N/A,N/A,,,,,,
B9J08_004106,B9J08_004106-t37_1,hypothetical protein,N/A,N/A,N/A,N/A,N/A,N/A,N/A,N/A,N/A,N/A,N/A,N/A,N/A,N/A,,,,,,
B9J08_004107,B9J08_004107-t37_1,hypothetical protein,N/A,N/A,N/A,N/A,N/A,N/A,N/A,N/A,N/A,N/A,N/A,N/A,N/A,N/A,,,,,,
B9J08_004110,B9J08_004110-t37_1,hypothetical protein,N/A,N/A,N/A,N/A,N/A,N/A,N/A,N/A,N/A,N/A,N/A,N/A,N/A,N/A,,,,,,
B9J08_004136,B9J08_004136-t37_1,hypothetical protein,N/A,N/A,N/A,N/A,N/A,N/A,N/A,N/A,N/A,N/A,N/A,N/A,N/A,N/A,,,,,,
B9J08_004148,B9J08_004148-t37_1,hypothetical protein,N/A,N/A,N/A,N/A,N/A,N/A,N/A,N/A,N/A,N/A,N/A,N/A,N/A,N/A,,,,,,
B9J08_004159,B9J08_004159-t37_1,hypothetical protein,N/A,N/A,N/A,N/A,N/A,N/A,N/A,N/A,N/A,N/A,N/A,N/A,N/A,N/A,,,,,,
B9J08_004168,B9J08_004168-t37_1,hypothetical protein,N/A,N/A,N/A,N/A,N/A,N/A,N/A,N/A,N/A,N/A,N/A,N/A,N/A,N/A,,,,,,
B9J08_004174,B9J08_004174-t37_1,hypothetical protein,N/A,N/A,N/A,N/A,N/A,N/A,N/A,N/A,N/A,N/A,N/A,N/A,N/A,N/A,,,,,,
B9J08_004179,B9J08_004179-t37_1,hypothetical protein,N/A,N/A,N/A,N/A,N/A,N/A,N/A,N/A,N/A,N/A,N/A,N/A,N/A,N/A,,,,,,
B9J08_004180,B9J08_004180-t37_1,hypothetical protein,N/A,N/A,N/A,N/A,N/A,N/A,N/A,N/A,N/A,N/A,N/A,N/A,N/A,N/A,,,,,,
B9J08_004193,B9J08_004193-t37_1,hypothetical protein,N/A,N/A,N/A,N/A,N/A,N/A,N/A,N/A,N/A,N/A,N/A,N/A,N/A,N/A,,,,,,
B9J08_004194,B9J08_004194-t37_1,hypothetical protein,N/A,N/A,N/A,N/A,N/A,N/A,N/A,N/A,N/A,N/A,N/A,N/A,N/A,N/A,,,,,,
B9J08_004195,B9J08_004195-t37_1,hypothetical protein,N/A,N/A,N/A,N/A,N/A,N/A,N/A,N/A,N/A,N/A,N/A,N/A,N/A,N/A,,,,,,
B9J08_004205,B9J08_004205-t37_1,hypothetical protein,N/A,N/A,N/A,N/A,N/A,N/A,N/A,N/A,N/A,N/A,N/A,N/A,N/A,N/A,,,,,,
B9J08_004211,B9J08_004211-t37_1,hypothetical protein,N/A,N/A,N/A,N/A,N/A,N/A,N/A,N/A,N/A,N/A,N/A,N/A,N/A,N/A,,,,,,
B9J08_004254,B9J08_004254-t37_1,hypothetical protein,N/A,N/A,N/A,N/A,N/A,N/A,N/A,N/A,N/A,N/A,N/A,N/A,N/A,N/A,,,,,,
B9J08_004256,B9J08_004256-t37_1,hypothetical protein,N/A,N/A,N/A,N/A,N/A,N/A,N/A,N/A,N/A,N/A,N/A,N/A,N/A,N/A,,,,,,
B9J08_004257,B9J08_004257-t37_1,hypothetical protein,N/A,N/A,N/A,N/A,N/A,N/A,N/A,N/A,N/A,N/A,N/A,N/A,N/A,N/A,,,,,,
B9J08_004260,B9J08_004260-t37_1,hypothetical protein,N/A,N/A,N/A,N/A,N/A,N/A,N/A,N/A,N/A,N/A,N/A,N/A,N/A,N/A,,,,,,
B9J08_004270,B9J08_004270-t37_1,hypothetical protein,N/A,N/A,N/A,N/A,N/A,N/A,N/A,N/A,N/A,N/A,N/A,N/A,N/A,N/A,,,,,,
B9J08_004272,B9J08_004272-t37_1,hypothetical protein,N/A,N/A,N/A,N/A,N/A,N/A,N/A,N/A,N/A,N/A,N/A,N/A,N/A,N/A,,,,,,
B9J08_004275,B9J08_004275-t37_1,hypothetical protein,N/A,N/A,N/A,N/A,N/A,N/A,N/A,N/A,N/A,N/A,N/A,N/A,N/A,N/A,,,,,,
B9J08_004276,B9J08_004276-t37_1,hypothetical protein,N/A,N/A,N/A,N/A,N/A,N/A,N/A,N/A,N/A,N/A,N/A,N/A,N/A,N/A,,,,,,
B9J08_004282,B9J08_004282-t37_1,hypothetical protein,N/A,N/A,N/A,N/A,N/A,N/A,N/A,N/A,N/A,N/A,N/A,N/A,N/A,N/A,,,,,,
B9J08_004283,B9J08_004283-t37_1,hypothetical protein,N/A,N/A,N/A,N/A,N/A,N/A,N/A,N/A,N/A,N/A,N/A,N/A,N/A,N/A,,,,,,
B9J08_004284,B9J08_004284-t37_1,hypothetical protein,N/A,N/A,N/A,N/A,N/A,N/A,N/A,N/A,N/A,N/A,N/A,N/A,N/A,N/A,,,,,,
B9J08_004287,B9J08_004287-t37_1,hypothetical protein,N/A,N/A,N/A,N/A,N/A,N/A,N/A,N/A,N/A,N/A,N/A,N/A,N/A,N/A,,,,,,
B9J08_004291,B9J08_004291-t37_1,hypothetical protein,N/A,N/A,N/A,N/A,N/A,N/A,N/A,N/A,N/A,N/A,N/A,N/A,N/A,N/A,,,,,,
B9J08_004296,B9J08_004296-t37_1,hypothetical protein,N/A,N/A,N/A,N/A,N/A,N/A,N/A,N/A,N/A,N/A,N/A,N/A,N/A,N/A,,,,,,
B9J08_004305,B9J08_004305-t37_1,hypothetical protein,N/A,N/A,N/A,N/A,N/A,N/A,N/A,N/A,N/A,N/A,N/A,N/A,N/A,N/A,,,,,,
B9J08_004314,B9J08_004314-t37_1,hypothetical protein,N/A,N/A,N/A,N/A,N/A,N/A,N/A,N/A,N/A,N/A,N/A,N/A,N/A,N/A,,,,,,
B9J08_004333,B9J08_004333-t37_1,hypothetical protein,N/A,N/A,N/A,N/A,N/A,N/A,N/A,N/A,N/A,N/A,N/A,N/A,N/A,N/A,,,,,,
B9J08_004348,B9J08_004348-t37_1,hypothetical protein,N/A,N/A,N/A,N/A,N/A,N/A,N/A,N/A,N/A,N/A,N/A,N/A,N/A,N/A,,,,,,
B9J08_004350,B9J08_004350-t37_1,hypothetical protein,N/A,N/A,N/A,N/A,N/A,N/A,N/A,N/A,N/A,N/A,N/A,N/A,N/A,N/A,,,,,,
B9J08_004354,B9J08_004354-t37_1,hypothetical protein,N/A,N/A,N/A,N/A,N/A,N/A,N/A,N/A,N/A,N/A,N/A,N/A,N/A,N/A,,,,,,
B9J08_004358,B9J08_004358-t37_1,hypothetical protein,N/A,N/A,N/A,N/A,N/A,N/A,N/A,N/A,N/A,N/A,N/A,N/A,N/A,N/A,,,,,,
B9J08_004360,B9J08_004360-t37_1,hypothetical protein,N/A,N/A,N/A,N/A,N/A,N/A,N/A,N/A,N/A,N/A,N/A,N/A,N/A,1.5.1.3 (Dihydrofolate reductase);3.1.-.- (Acting on ester bonds.),,,,,,
B9J08_004366,B9J08_004366-t37_1,hypothetical protein,N/A,N/A,N/A,N/A,N/A,N/A,N/A,N/A,N/A,N/A,N/A,N/A,N/A,N/A,,,,,,
B9J08_004379,B9J08_004379-t37_1,hypothetical protein,N/A,N/A,N/A,N/A,N/A,N/A,N/A,N/A,N/A,N/A,N/A,N/A,N/A,N/A,,,,,,
B9J08_004382,B9J08_004382-t37_1,hypothetical protein,N/A,N/A,N/A,N/A,N/A,N/A,N/A,N/A,N/A,N/A,N/A,N/A,N/A,N/A,,,,,,
B9J08_004387,B9J08_004387-t37_1,hypothetical protein,N/A,N/A,N/A,N/A,N/A,N/A,N/A,N/A,N/A,N/A,N/A,N/A,N/A,N/A,,,,,,
B9J08_004390,B9J08_004390-t37_1,hypothetical protein,N/A,N/A,N/A,N/A,N/A,N/A,N/A,N/A,N/A,N/A,N/A,N/A,N/A,N/A,,,,,,
B9J08_004395,B9J08_004395-t37_1,hypothetical protein,N/A,N/A,N/A,N/A,N/A,N/A,N/A,N/A,N/A,N/A,N/A,N/A,N/A,N/A,,,,,,
B9J08_004404,B9J08_004404-t37_1,hypothetical protein,N/A,N/A,N/A,N/A,N/A,N/A,N/A,N/A,N/A,N/A,N/A,N/A,N/A,N/A,,,,,,
B9J08_004415,B9J08_004415-t37_1,hypothetical protein,N/A,N/A,N/A,N/A,N/A,N/A,N/A,N/A,N/A,N/A,N/A,N/A,N/A,N/A,,,,,,
B9J08_004416,B9J08_004416-t37_1,hypothetical protein,N/A,N/A,N/A,N/A,N/A,N/A,N/A,N/A,N/A,N/A,N/A,N/A,N/A,N/A,,,,,,
B9J08_004422,B9J08_004422-t37_1,hypothetical protein,N/A,N/A,N/A,N/A,N/A,N/A,N/A,N/A,N/A,N/A,N/A,N/A,N/A,N/A,,,,,,
B9J08_004428,B9J08_004428-t37_1,hypothetical protein,N/A,N/A,N/A,N/A,N/A,N/A,N/A,N/A,N/A,N/A,N/A,N/A,N/A,N/A,,,,,,
B9J08_004449,B9J08_004449-t37_1,hypothetical protein,N/A,N/A,N/A,N/A,N/A,N/A,N/A,N/A,N/A,N/A,N/A,N/A,N/A,N/A,,,,,,
B9J08_004451,B9J08_004451-t37_1,hypothetical protein,N/A,N/A,N/A,N/A,N/A,N/A,N/A,N/A,N/A,N/A,N/A,N/A,N/A,N/A,,,,,,
B9J08_004453,B9J08_004453-t37_1,hypothetical protein,N/A,N/A,N/A,N/A,N/A,N/A,N/A,N/A,N/A,N/A,N/A,N/A,N/A,N/A,,,,,,
B9J08_004454,B9J08_004454-t37_1,hypothetical protein,N/A,N/A,N/A,N/A,N/A,N/A,N/A,N/A,N/A,N/A,N/A,N/A,N/A,N/A,,,,,,
B9J08_004455,B9J08_004455-t37_1,hypothetical protein,N/A,N/A,N/A,N/A,N/A,N/A,N/A,N/A,N/A,N/A,N/A,N/A,N/A,N/A,,,,,,
B9J08_004471,B9J08_004471-t37_1,hypothetical protein,N/A,N/A,N/A,N/A,N/A,N/A,N/A,N/A,N/A,N/A,N/A,N/A,N/A,N/A,,,,,,
B9J08_004476,B9J08_004476-t37_1,hypothetical protein,N/A,N/A,N/A,N/A,N/A,N/A,N/A,N/A,N/A,N/A,N/A,N/A,N/A,N/A,,,,,,
B9J08_004481,B9J08_004481-t37_1,hypothetical protein,N/A,N/A,N/A,N/A,N/A,N/A,N/A,N/A,N/A,N/A,N/A,N/A,N/A,N/A,,,,,,
B9J08_004484,B9J08_004484-t37_1,hypothetical protein,N/A,N/A,N/A,N/A,N/A,N/A,N/A,N/A,N/A,N/A,N/A,N/A,N/A,N/A,,,,,,
B9J08_004506,B9J08_004506-t37_1,hypothetical protein,N/A,N/A,N/A,N/A,N/A,N/A,N/A,N/A,N/A,N/A,N/A,N/A,N/A,N/A,,,,,,
B9J08_004514,B9J08_004514-t37_1,hypothetical protein,N/A,N/A,N/A,N/A,N/A,N/A,N/A,N/A,N/A,N/A,N/A,N/A,N/A,N/A,,,,,,
B9J08_004520,B9J08_004520-t37_1,hypothetical protein,N/A,N/A,N/A,N/A,N/A,N/A,N/A,N/A,N/A,N/A,N/A,N/A,N/A,N/A,,,,,,
B9J08_004528,B9J08_004528-t37_1,hypothetical protein,N/A,N/A,N/A,N/A,N/A,N/A,N/A,N/A,N/A,N/A,N/A,N/A,N/A,N/A,,,,,,
B9J08_004535,B9J08_004535-t37_1,hypothetical protein,N/A,N/A,N/A,N/A,N/A,N/A,N/A,N/A,N/A,N/A,N/A,N/A,N/A,N/A,,,,,,
B9J08_004536,B9J08_004536-t37_1,hypothetical protein,N/A,N/A,N/A,N/A,N/A,N/A,N/A,N/A,N/A,N/A,N/A,N/A,N/A,N/A,,,,,,
B9J08_004556,B9J08_004556-t37_1,hypothetical protein,N/A,N/A,N/A,N/A,N/A,N/A,N/A,N/A,N/A,N/A,N/A,N/A,N/A,N/A,,,,,,
B9J08_004564,B9J08_004564-t37_1,hypothetical protein,N/A,N/A,N/A,N/A,N/A,N/A,N/A,N/A,N/A,N/A,N/A,N/A,N/A,N/A,,,,,,
B9J08_004577,B9J08_004577-t37_1,hypothetical protein,N/A,N/A,N/A,N/A,N/A,N/A,N/A,N/A,N/A,N/A,N/A,N/A,N/A,N/A,,,,,,
B9J08_004580,B9J08_004580-t37_1,hypothetical protein,N/A,N/A,N/A,N/A,N/A,N/A,N/A,N/A,N/A,N/A,N/A,N/A,N/A,N/A,,,,,,
B9J08_004582,B9J08_004582-t37_1,hypothetical protein,N/A,N/A,N/A,N/A,N/A,N/A,N/A,N/A,N/A,N/A,N/A,N/A,N/A,N/A,,,,,,
B9J08_004623,B9J08_004623-t37_1,hypothetical protein,N/A,N/A,N/A,N/A,N/A,N/A,N/A,N/A,N/A,N/A,N/A,N/A,N/A,N/A,,,,,,
B9J08_004632,B9J08_004632-t37_1,hypothetical protein,N/A,N/A,N/A,N/A,N/A,N/A,N/A,N/A,N/A,N/A,N/A,N/A,N/A,N/A,,,,,,
B9J08_004634,B9J08_004634-t37_1,hypothetical protein,N/A,N/A,N/A,N/A,N/A,N/A,N/A,N/A,N/A,N/A,N/A,N/A,N/A,N/A,,,,,,
B9J08_004637,B9J08_004637-t37_1,hypothetical protein,N/A,N/A,N/A,N/A,N/A,N/A,N/A,N/A,N/A,N/A,N/A,N/A,N/A,N/A,,,,,,
B9J08_004660,B9J08_004660-t37_1,hypothetical protein,N/A,N/A,N/A,N/A,N/A,N/A,N/A,N/A,N/A,N/A,N/A,N/A,N/A,N/A,,,,,,
B9J08_004667,B9J08_004667-t37_1,hypothetical protein,N/A,N/A,N/A,N/A,N/A,N/A,N/A,N/A,N/A,N/A,N/A,N/A,N/A,N/A,,,,,,
B9J08_004686,B9J08_004686-t37_1,hypothetical protein,N/A,N/A,N/A,N/A,N/A,N/A,N/A,N/A,N/A,N/A,N/A,N/A,N/A,N/A,,,,,,
B9J08_004688,B9J08_004688-t37_1,hypothetical protein,N/A,N/A,N/A,N/A,N/A,N/A,N/A,N/A,N/A,N/A,N/A,N/A,N/A,N/A,,,,,,
B9J08_004697,B9J08_004697-t37_1,hypothetical protein,N/A,N/A,N/A,N/A,N/A,N/A,N/A,N/A,N/A,N/A,N/A,N/A,N/A,N/A,,,,,,
B9J08_004698,B9J08_004698-t37_1,hypothetical protein,N/A,N/A,N/A,N/A,N/A,N/A,N/A,N/A,N/A,N/A,N/A,N/A,N/A,N/A,,,,,,
B9J08_004703,B9J08_004703-t37_1,hypothetical protein,N/A,N/A,N/A,N/A,N/A,N/A,N/A,N/A,N/A,N/A,N/A,N/A,N/A,N/A,,,,,,
B9J08_004711,B9J08_004711-t37_1,hypothetical protein,N/A,N/A,N/A,N/A,N/A,N/A,N/A,N/A,N/A,N/A,N/A,N/A,N/A,N/A,,,,,,
B9J08_004727,B9J08_004727-t37_1,hypothetical protein,N/A,N/A,N/A,N/A,N/A,N/A,N/A,N/A,N/A,N/A,N/A,N/A,N/A,N/A,,,,,,
B9J08_004732,B9J08_004732-t37_1,hypothetical protein,N/A,N/A,N/A,N/A,N/A,N/A,N/A,N/A,N/A,N/A,N/A,N/A,N/A,N/A,,,,,,
B9J08_004755,B9J08_004755-t37_1,hypothetical protein,N/A,N/A,N/A,N/A,N/A,N/A,N/A,N/A,N/A,N/A,N/A,N/A,N/A,N/A,,,,,,
B9J08_004760,B9J08_004760-t37_1,hypothetical protein,N/A,N/A,N/A,N/A,N/A,N/A,N/A,N/A,N/A,N/A,N/A,N/A,N/A,N/A,,,,,,
B9J08_004765,B9J08_004765-t37_1,hypothetical protein,N/A,N/A,N/A,N/A,N/A,N/A,N/A,N/A,N/A,N/A,N/A,N/A,N/A,N/A,,,,,,
B9J08_004770,B9J08_004770-t37_1,hypothetical protein,N/A,N/A,N/A,N/A,N/A,N/A,N/A,N/A,N/A,N/A,N/A,N/A,N/A,N/A,,,,,,
B9J08_004777,B9J08_004777-t37_1,hypothetical protein,N/A,N/A,N/A,N/A,N/A,N/A,N/A,N/A,N/A,N/A,N/A,N/A,N/A,N/A,,,,,,
B9J08_004778,B9J08_004778-t37_1,hypothetical protein,N/A,N/A,N/A,N/A,N/A,N/A,N/A,N/A,N/A,N/A,N/A,N/A,N/A,4.3.1.12 (Ornithine cyclodeaminase),,,,,,
B9J08_004779,B9J08_004779-t37_1,hypothetical protein,N/A,N/A,N/A,N/A,N/A,N/A,N/A,N/A,N/A,N/A,N/A,N/A,N/A,N/A,,,,,,
B9J08_004780,B9J08_004780-t37_1,hypothetical protein,N/A,N/A,N/A,N/A,N/A,N/A,N/A,N/A,N/A,N/A,N/A,N/A,N/A,N/A,,,,,,
B9J08_004788,B9J08_004788-t37_1,hypothetical protein,N/A,N/A,N/A,N/A,N/A,N/A,N/A,N/A,N/A,N/A,N/A,N/A,N/A,3.4.19.12 (Ubiquitinyl hydrolase 1),,,,,,
B9J08_004790,B9J08_004790-t37_1,hypothetical protein,N/A,N/A,N/A,N/A,N/A,N/A,N/A,N/A,N/A,N/A,N/A,N/A,N/A,N/A,,,,,,
B9J08_004792,B9J08_004792-t37_1,hypothetical protein,N/A,N/A,N/A,N/A,N/A,N/A,N/A,N/A,N/A,N/A,N/A,N/A,N/A,2.3.1.51 (1-acylglycerol-3-phosphate O-acyltransferase);3.1.-.- (Acting on ester bonds.);3.5.1.- (In linear amides.),,,,,,
B9J08_004799,B9J08_004799-t37_1,hypothetical protein,N/A,N/A,N/A,N/A,N/A,N/A,N/A,N/A,N/A,N/A,N/A,N/A,N/A,N/A,,,,,,
B9J08_004803,B9J08_004803-t37_1,hypothetical protein,N/A,N/A,N/A,N/A,N/A,N/A,N/A,N/A,N/A,N/A,N/A,N/A,N/A,N/A,,,,,,
B9J08_004810,B9J08_004810-t37_1,hypothetical protein,N/A,N/A,N/A,N/A,N/A,N/A,N/A,N/A,N/A,N/A,N/A,N/A,N/A,1.5.1.3 (Dihydrofolate reductase);3.1.-.- (Acting on ester bonds.),,,,,,
B9J08_004831,B9J08_004831-t37_1,hypothetical protein,N/A,N/A,N/A,N/A,N/A,N/A,N/A,N/A,N/A,N/A,N/A,N/A,N/A,N/A,,,,,,
B9J08_004832,B9J08_004832-t37_1,hypothetical protein,N/A,N/A,N/A,N/A,N/A,N/A,N/A,N/A,N/A,N/A,N/A,N/A,N/A,N/A,,,,,,
B9J08_004842,B9J08_004842-t37_1,hypothetical protein,N/A,N/A,N/A,N/A,N/A,N/A,N/A,N/A,N/A,N/A,N/A,N/A,N/A,N/A,,,,,,
B9J08_004860,B9J08_004860-t37_1,hypothetical protein,N/A,N/A,N/A,N/A,N/A,N/A,N/A,N/A,N/A,N/A,N/A,N/A,N/A,N/A,,,,,,
B9J08_004863,B9J08_004863-t37_1,hypothetical protein,N/A,N/A,N/A,N/A,N/A,N/A,N/A,N/A,N/A,N/A,N/A,N/A,N/A,N/A,,,,,,
B9J08_004864,B9J08_004864-t37_1,hypothetical protein,N/A,N/A,N/A,N/A,N/A,N/A,N/A,N/A,N/A,N/A,N/A,N/A,N/A,2.5.1.113 ([CysO sulfur-carrier protein]-thiocarboxylate-dependent cysteinesynthase);2.5.1.134 (Cystathionine beta-synthase (O-acetyl-L-serine));2.5.1.47 (Cysteine synthase);2.5.1.52 (L-mimosine synthase);4.2.1.22 (Cystathionine beta-synthase);4.2.1.50 (Pyrazolylalanine synthase);4.2.99.8 (Transferr,,,,,,
B9J08_004871,B9J08_004871-t37_1,hypothetical protein,N/A,N/A,N/A,N/A,N/A,N/A,N/A,N/A,N/A,N/A,N/A,N/A,N/A,N/A,,,,,,
B9J08_004872,B9J08_004872-t37_1,hypothetical protein,N/A,N/A,N/A,N/A,N/A,N/A,N/A,N/A,N/A,N/A,N/A,N/A,N/A,N/A,,,,,,
B9J08_004877,B9J08_004877-t37_1,hypothetical protein,N/A,N/A,N/A,N/A,N/A,N/A,N/A,N/A,N/A,N/A,N/A,N/A,N/A,N/A,,,,,,
B9J08_004894,B9J08_004894-t37_1,hypothetical protein,N/A,N/A,N/A,N/A,N/A,N/A,N/A,N/A,N/A,N/A,N/A,N/A,N/A,N/A,,,,,,
B9J08_004897,B9J08_004897-t37_1,hypothetical protein,N/A,N/A,N/A,N/A,N/A,N/A,N/A,N/A,N/A,N/A,N/A,N/A,N/A,N/A,,,,,,
B9J08_004900,B9J08_004900-t37_1,hypothetical protein,N/A,N/A,N/A,N/A,N/A,N/A,N/A,N/A,N/A,N/A,N/A,N/A,N/A,N/A,,,,,,
B9J08_004903,B9J08_004903-t37_1,hypothetical protein,N/A,N/A,N/A,N/A,N/A,N/A,N/A,N/A,N/A,N/A,N/A,N/A,N/A,N/A,,,,,,
B9J08_004904,B9J08_004904-t37_1,hypothetical protein,N/A,N/A,N/A,N/A,N/A,N/A,N/A,N/A,N/A,N/A,N/A,N/A,N/A,N/A,,,,,,
B9J08_004911,B9J08_004911-t37_1,hypothetical protein,N/A,N/A,N/A,N/A,N/A,N/A,N/A,N/A,N/A,N/A,N/A,N/A,N/A,N/A,,,,,,
B9J08_004922,B9J08_004922-t37_1,hypothetical protein,N/A,N/A,N/A,N/A,N/A,N/A,N/A,N/A,N/A,N/A,N/A,N/A,N/A,N/A,,,,,,
B9J08_004937,B9J08_004937-t37_1,hypothetical protein,N/A,N/A,N/A,N/A,N/A,N/A,N/A,N/A,N/A,N/A,N/A,N/A,N/A,N/A,,,,,,
B9J08_004940,B9J08_004940-t37_1,hypothetical protein,N/A,N/A,N/A,N/A,N/A,N/A,N/A,N/A,N/A,N/A,N/A,N/A,N/A,N/A,,,,,,
B9J08_004942,B9J08_004942-t37_1,hypothetical protein,N/A,N/A,N/A,N/A,N/A,N/A,N/A,N/A,N/A,N/A,N/A,N/A,N/A,N/A,,,,,,
B9J08_004945,B9J08_004945-t37_1,hypothetical protein,N/A,N/A,N/A,N/A,N/A,N/A,N/A,N/A,N/A,N/A,N/A,N/A,N/A,N/A,,,,,,
B9J08_004951,B9J08_004951-t37_1,hypothetical protein,N/A,N/A,N/A,N/A,N/A,N/A,N/A,N/A,N/A,N/A,N/A,N/A,N/A,N/A,,,,,,
B9J08_004952,B9J08_004952-t37_1,hypothetical protein,N/A,N/A,N/A,N/A,N/A,N/A,N/A,N/A,N/A,N/A,N/A,N/A,N/A,N/A,,,,,,
B9J08_004963,B9J08_004963-t37_1,hypothetical protein,N/A,N/A,N/A,N/A,N/A,N/A,N/A,N/A,N/A,N/A,N/A,N/A,N/A,N/A,,,,,,
B9J08_004964,B9J08_004964-t37_1,hypothetical protein,N/A,N/A,N/A,N/A,N/A,N/A,N/A,N/A,N/A,N/A,N/A,N/A,N/A,N/A,,,,,,
B9J08_004968,B9J08_004968-t37_1,hypothetical protein,N/A,N/A,N/A,N/A,N/A,N/A,N/A,N/A,N/A,N/A,N/A,N/A,N/A,N/A,,,,,,
B9J08_004971,B9J08_004971-t37_1,hypothetical protein,N/A,N/A,N/A,N/A,N/A,N/A,N/A,N/A,N/A,N/A,N/A,N/A,N/A,N/A,,,,,,
B9J08_004974,B9J08_004974-t37_1,hypothetical protein,N/A,N/A,N/A,N/A,N/A,N/A,N/A,N/A,N/A,N/A,N/A,N/A,N/A,N/A,,,,,,
B9J08_004984,B9J08_004984-t37_1,hypothetical protein,N/A,N/A,N/A,N/A,N/A,N/A,N/A,N/A,N/A,N/A,N/A,N/A,N/A,N/A,,,,,,
B9J08_004987,B9J08_004987-t37_1,hypothetical protein,N/A,N/A,N/A,N/A,N/A,N/A,N/A,N/A,N/A,N/A,N/A,N/A,N/A,N/A,,,,,,
B9J08_005001,B9J08_005001-t37_1,hypothetical protein,N/A,N/A,N/A,N/A,N/A,N/A,N/A,N/A,N/A,N/A,N/A,N/A,N/A,N/A,,,,,,
B9J08_005014,B9J08_005014-t37_1,hypothetical protein,N/A,N/A,N/A,N/A,N/A,N/A,N/A,N/A,N/A,N/A,N/A,N/A,N/A,N/A,,,,,,
B9J08_005017,B9J08_005017-t37_1,hypothetical protein,N/A,N/A,N/A,N/A,N/A,N/A,N/A,N/A,N/A,N/A,N/A,N/A,N/A,N/A,,,,,,
B9J08_005034,B9J08_005034-t37_1,hypothetical protein,N/A,N/A,N/A,N/A,N/A,N/A,N/A,N/A,N/A,N/A,N/A,N/A,N/A,N/A,,,,,,
B9J08_005037,B9J08_005037-t37_1,hypothetical protein,N/A,N/A,N/A,N/A,N/A,N/A,N/A,N/A,N/A,N/A,N/A,N/A,N/A,N/A,,,,,,
B9J08_005041,B9J08_005041-t37_1,hypothetical protein,N/A,N/A,N/A,N/A,N/A,N/A,N/A,N/A,N/A,N/A,N/A,N/A,N/A,N/A,,,,,,
B9J08_005056,B9J08_005056-t37_1,hypothetical protein,N/A,N/A,N/A,N/A,N/A,N/A,N/A,N/A,N/A,N/A,N/A,N/A,N/A,N/A,,,,,,
B9J08_005066,B9J08_005066-t37_1,hypothetical protein,N/A,N/A,N/A,N/A,N/A,N/A,N/A,N/A,N/A,N/A,N/A,N/A,N/A,N/A,,,,,,
B9J08_005072,B9J08_005072-t37_1,hypothetical protein,N/A,N/A,N/A,N/A,N/A,N/A,N/A,N/A,N/A,N/A,N/A,N/A,N/A,N/A,,,,,,
B9J08_005080,B9J08_005080-t37_1,hypothetical protein,N/A,N/A,N/A,N/A,N/A,N/A,N/A,N/A,N/A,N/A,N/A,N/A,N/A,N/A,,,,,,
B9J08_005090,B9J08_005090-t37_1,hypothetical protein,N/A,N/A,N/A,N/A,N/A,N/A,N/A,N/A,N/A,N/A,N/A,N/A,N/A,N/A,,,,,,
B9J08_005092,B9J08_005092-t37_1,hypothetical protein,N/A,N/A,N/A,N/A,N/A,N/A,N/A,N/A,N/A,N/A,N/A,N/A,N/A,N/A,,,,,,
B9J08_005104,B9J08_005104-t37_1,hypothetical protein,N/A,N/A,N/A,N/A,N/A,N/A,N/A,N/A,N/A,N/A,N/A,N/A,N/A,N/A,,,,,,
B9J08_005118,B9J08_005118-t37_1,hypothetical protein,N/A,N/A,N/A,N/A,N/A,N/A,N/A,N/A,N/A,N/A,N/A,N/A,N/A,N/A,,,,,,
B9J08_005139,B9J08_005139-t37_1,hypothetical protein,N/A,N/A,N/A,N/A,N/A,N/A,N/A,N/A,N/A,N/A,N/A,N/A,N/A,3.1.3.84 (ADP-ribose 1''-phosphate phosphatase),,,,,,
B9J08_005147,B9J08_005147-t37_1,hypothetical protein,N/A,N/A,N/A,N/A,N/A,N/A,N/A,N/A,N/A,N/A,N/A,N/A,N/A,N/A,,,,,,
B9J08_005149,B9J08_005149-t37_1,hypothetical protein,N/A,N/A,N/A,N/A,N/A,N/A,N/A,N/A,N/A,N/A,N/A,N/A,N/A,N/A,,,,,,
B9J08_005156,B9J08_005156-t37_1,hypothetical protein,N/A,N/A,N/A,N/A,N/A,N/A,N/A,N/A,N/A,N/A,N/A,N/A,N/A,N/A,,,,,,
B9J08_005157,B9J08_005157-t37_1,hypothetical protein,N/A,N/A,N/A,N/A,N/A,N/A,N/A,N/A,N/A,N/A,N/A,N/A,N/A,N/A,,,,,,
B9J08_005159,B9J08_005159-t37_1,hypothetical protein,N/A,N/A,N/A,N/A,N/A,N/A,N/A,N/A,N/A,N/A,N/A,N/A,N/A,N/A,,,,,,
B9J08_005164,B9J08_005164-t37_1,hypothetical protein,N/A,N/A,N/A,N/A,N/A,N/A,N/A,N/A,N/A,N/A,N/A,N/A,N/A,N/A,,,,,,
B9J08_005169,B9J08_005169-t37_1,hypothetical protein,N/A,N/A,N/A,N/A,N/A,N/A,N/A,N/A,N/A,N/A,N/A,N/A,N/A,N/A,,,,,,
B9J08_005173,B9J08_005173-t37_1,hypothetical protein,N/A,N/A,N/A,N/A,N/A,N/A,N/A,N/A,N/A,N/A,N/A,N/A,N/A,N/A,,,,,,
B9J08_005177,B9J08_005177-t37_1,hypothetical protein,N/A,N/A,N/A,N/A,N/A,N/A,N/A,N/A,N/A,N/A,N/A,N/A,N/A,"2.7.1.105 (6-phosphofructo-2-kinase);3.1.3.11 (Fructose-bisphosphatase);3.1.3.2 (Acid phosphatase);3.1.3.37 (Sedoheptulose-bisphosphatase);3.1.3.46 (Fructose-2,6-bisphosphate 2-phosphatase);3.1.3.73 (Adenosylcobalamin/alpha-ribazole phosphatase);5.4.2.1 (Transferred entry: 5.4.2.11 and 5.4.2.12)",,,,,,
B9J08_005182,B9J08_005182-t37_1,hypothetical protein,N/A,N/A,N/A,N/A,N/A,N/A,N/A,N/A,N/A,N/A,N/A,N/A,N/A,N/A,,,,,,
B9J08_005193,B9J08_005193-t37_1,hypothetical protein,N/A,N/A,N/A,N/A,N/A,N/A,N/A,N/A,N/A,N/A,N/A,N/A,N/A,N/A,,,,,,
B9J08_005194,B9J08_005194-t37_1,hypothetical protein,N/A,N/A,N/A,N/A,N/A,N/A,N/A,N/A,N/A,N/A,N/A,N/A,N/A,N/A,,,,,,
B9J08_005196,B9J08_005196-t37_1,hypothetical protein,N/A,N/A,N/A,N/A,N/A,N/A,N/A,N/A,N/A,N/A,N/A,N/A,N/A,N/A,,,,,,
B9J08_005197,B9J08_005197-t37_1,hypothetical protein,N/A,N/A,N/A,N/A,N/A,N/A,N/A,N/A,N/A,N/A,N/A,N/A,N/A,N/A,,,,,,
B9J08_005200,B9J08_005200-t37_1,hypothetical protein,N/A,N/A,N/A,N/A,N/A,N/A,N/A,N/A,N/A,N/A,N/A,N/A,N/A,N/A,,,,,,
B9J08_005206,B9J08_005206-t37_1,hypothetical protein,N/A,N/A,N/A,N/A,N/A,N/A,N/A,N/A,N/A,N/A,N/A,N/A,N/A,3.1.2.- (Thiolester hydrolases.),,,,,,
B9J08_005215,B9J08_005215-t37_1,hypothetical protein,N/A,N/A,N/A,N/A,N/A,N/A,N/A,N/A,N/A,N/A,N/A,N/A,N/A,N/A,,,,,,
B9J08_005227,B9J08_005227-t37_1,hypothetical protein,N/A,N/A,N/A,N/A,N/A,N/A,N/A,N/A,N/A,N/A,N/A,N/A,N/A,N/A,,,,,,
B9J08_005243,B9J08_005243-t37_1,hypothetical protein,N/A,N/A,N/A,N/A,N/A,N/A,N/A,N/A,N/A,N/A,N/A,N/A,N/A,N/A,,,,,,
B9J08_005257,B9J08_005257-t37_1,hypothetical protein,N/A,N/A,N/A,N/A,N/A,N/A,N/A,N/A,N/A,N/A,N/A,N/A,N/A,N/A,,,,,,
B9J08_005267,B9J08_005267-t37_1,hypothetical protein,N/A,N/A,N/A,N/A,N/A,N/A,N/A,N/A,N/A,N/A,N/A,N/A,N/A,N/A,,,,,,
B9J08_005277,B9J08_005277-t37_1,hypothetical protein,N/A,N/A,N/A,N/A,N/A,N/A,N/A,N/A,N/A,N/A,N/A,N/A,N/A,N/A,,,,,,
B9J08_005292,B9J08_005292-t37_1,hypothetical protein,N/A,N/A,N/A,N/A,N/A,N/A,N/A,N/A,N/A,N/A,N/A,N/A,N/A,N/A,,,,,,
B9J08_005293,B9J08_005293-t37_1,hypothetical protein,N/A,N/A,N/A,N/A,N/A,N/A,N/A,N/A,N/A,N/A,N/A,N/A,N/A,N/A,,,,,,
B9J08_005296,B9J08_005296-t37_1,hypothetical protein,N/A,N/A,N/A,N/A,N/A,N/A,N/A,N/A,N/A,N/A,N/A,N/A,N/A,N/A,,,,,,
B9J08_005311,B9J08_005311-t37_1,hypothetical protein,N/A,N/A,N/A,N/A,N/A,N/A,N/A,N/A,N/A,N/A,N/A,N/A,N/A,N/A,,,,,,
B9J08_005315,B9J08_005315-t37_1,hypothetical protein,N/A,N/A,N/A,N/A,N/A,N/A,N/A,N/A,N/A,N/A,N/A,N/A,N/A,N/A,,,,,,
B9J08_005326,B9J08_005326-t37_1,hypothetical protein,N/A,N/A,N/A,N/A,N/A,N/A,N/A,N/A,N/A,N/A,N/A,N/A,N/A,N/A,,,,,,
B9J08_005333,B9J08_005333-t37_1,hypothetical protein,N/A,N/A,N/A,N/A,N/A,N/A,N/A,N/A,N/A,N/A,N/A,N/A,N/A,N/A,,,,,,
B9J08_005389,B9J08_005389-t37_1,hypothetical protein,N/A,N/A,N/A,N/A,N/A,N/A,N/A,N/A,N/A,N/A,N/A,N/A,N/A,N/A,,,,,,
B9J08_005399,B9J08_005399-t37_1,hypothetical protein,N/A,N/A,N/A,N/A,N/A,N/A,N/A,N/A,N/A,N/A,N/A,N/A,N/A,N/A,,,,,,
B9J08_005413,B9J08_005413-t37_1,hypothetical protein,N/A,N/A,N/A,N/A,N/A,N/A,N/A,N/A,N/A,N/A,N/A,N/A,N/A,2.7.1.- (Phosphotransferases with an alcohol group as acceptor.);2.7.1.24 (Dephospho-CoA kinase);2.7.1.32 (Choline kinase);2.7.1.82 (Ethanolamine kinase),,,,,,
B9J08_005420,B9J08_005420-t37_1,hypothetical protein,N/A,N/A,N/A,N/A,N/A,N/A,N/A,N/A,N/A,N/A,N/A,N/A,N/A,N/A,,,,,,
B9J08_005431,B9J08_005431-t37_1,hypothetical protein,N/A,N/A,N/A,N/A,N/A,N/A,N/A,N/A,N/A,N/A,N/A,N/A,N/A,N/A,,,,,,
B9J08_005435,B9J08_005435-t37_1,hypothetical protein,N/A,N/A,N/A,N/A,N/A,N/A,N/A,N/A,N/A,N/A,N/A,N/A,N/A,N/A,,,,,,
B9J08_005437,B9J08_005437-t37_1,hypothetical protein,N/A,N/A,N/A,N/A,N/A,N/A,N/A,N/A,N/A,N/A,N/A,N/A,N/A,N/A,,,,,,
B9J08_005439,B9J08_005439-t37_1,hypothetical protein,N/A,N/A,N/A,N/A,N/A,N/A,N/A,N/A,N/A,N/A,N/A,N/A,N/A,N/A,,,,,,
B9J08_005451,B9J08_005451-t37_1,hypothetical protein,N/A,N/A,N/A,N/A,N/A,N/A,N/A,N/A,N/A,N/A,N/A,N/A,N/A,N/A,,,,,,
B9J08_005454,B9J08_005454-t37_1,hypothetical protein,N/A,N/A,N/A,N/A,N/A,N/A,N/A,N/A,N/A,N/A,N/A,N/A,N/A,N/A,,,,,,
B9J08_005470,B9J08_005470-t37_1,hypothetical protein,N/A,N/A,N/A,N/A,N/A,N/A,N/A,N/A,N/A,N/A,N/A,N/A,N/A,N/A,,,,,,
B9J08_005479,B9J08_005479-t37_1,hypothetical protein,N/A,N/A,N/A,N/A,N/A,N/A,N/A,N/A,N/A,N/A,N/A,N/A,N/A,N/A,,,,,,
B9J08_005490,B9J08_005490-t37_1,hypothetical protein,N/A,N/A,N/A,N/A,N/A,N/A,N/A,N/A,N/A,N/A,N/A,N/A,N/A,N/A,,,,,,
B9J08_005502,B9J08_005502-t37_1,hypothetical protein,N/A,N/A,N/A,N/A,N/A,N/A,N/A,N/A,N/A,N/A,N/A,N/A,N/A,N/A,,,,,,
B9J08_005503,B9J08_005503-t37_1,hypothetical protein,N/A,N/A,N/A,N/A,N/A,N/A,N/A,N/A,N/A,N/A,N/A,N/A,N/A,N/A,,,,,,
B9J08_005504,B9J08_005504-t37_1,hypothetical protein,N/A,N/A,N/A,N/A,N/A,N/A,N/A,N/A,N/A,N/A,N/A,N/A,N/A,N/A,,,,,,
B9J08_005519,B9J08_005519-t37_1,hypothetical protein,N/A,N/A,N/A,N/A,N/A,N/A,N/A,N/A,N/A,N/A,N/A,N/A,N/A,N/A,,,,,,
B9J08_005530,B9J08_005530-t37_1,hypothetical protein,N/A,N/A,N/A,N/A,N/A,N/A,N/A,N/A,N/A,N/A,N/A,N/A,2.1.1.22 (Carnosine N-methyltransferase),2.1.1.22 (Carnosine N-methyltransferase),,,,,,
B9J08_005534,B9J08_005534-t37_1,hypothetical protein,N/A,N/A,N/A,N/A,N/A,N/A,N/A,N/A,N/A,N/A,N/A,N/A,N/A,N/A,,,,,,
B9J08_005538,B9J08_005538-t37_1,hypothetical protein,N/A,N/A,N/A,N/A,N/A,N/A,N/A,N/A,N/A,N/A,N/A,N/A,N/A,N/A,,,,,,
B9J08_005543,B9J08_005543-t37_1,hypothetical protein,N/A,N/A,N/A,N/A,N/A,N/A,N/A,N/A,N/A,N/A,N/A,N/A,N/A,N/A,,,,,,
B9J08_005545,B9J08_005545-t37_1,hypothetical protein,N/A,N/A,N/A,N/A,N/A,N/A,N/A,N/A,N/A,N/A,N/A,N/A,N/A,N/A,,,,,,
B9J08_005551,B9J08_005551-t37_1,hypothetical protein,N/A,N/A,N/A,N/A,N/A,N/A,N/A,N/A,N/A,N/A,N/A,N/A,N/A,N/A,,,,,,
B9J08_005552,B9J08_005552-t37_1,hypothetical protein,N/A,N/A,N/A,N/A,N/A,N/A,N/A,N/A,N/A,N/A,N/A,N/A,N/A,N/A,,,,,,
B9J08_005555,B9J08_005555-t37_1,hypothetical protein,N/A,N/A,N/A,N/A,N/A,N/A,N/A,N/A,N/A,N/A,N/A,N/A,N/A,N/A,,,,,,
B9J08_005556,B9J08_005556-t37_1,hypothetical protein,N/A,N/A,N/A,N/A,N/A,N/A,N/A,N/A,N/A,N/A,N/A,N/A,N/A,N/A,,,,,,
B9J08_005557,B9J08_005557-t37_1,hypothetical protein,N/A,N/A,N/A,N/A,N/A,N/A,N/A,N/A,N/A,N/A,N/A,N/A,N/A,N/A,,,,,,
B9J08_005558,B9J08_005558-t37_1,hypothetical protein,N/A,N/A,N/A,N/A,N/A,N/A,N/A,N/A,N/A,N/A,N/A,N/A,N/A,N/A,,,,,,
B9J08_005559,B9J08_005559-t37_1,hypothetical protein,N/A,N/A,N/A,N/A,N/A,N/A,N/A,N/A,N/A,N/A,N/A,N/A,N/A,N/A,,,,,,
B9J08_005560,B9J08_005560-t37_1,hypothetical protein,N/A,N/A,N/A,N/A,N/A,N/A,N/A,N/A,N/A,N/A,N/A,N/A,N/A,N/A,,,,,,
B9J08_005561,B9J08_005561-t37_1,hypothetical protein,N/A,N/A,N/A,N/A,N/A,N/A,N/A,N/A,N/A,N/A,N/A,N/A,N/A,N/A,,,,,,
B9J08_005562,B9J08_005562-t37_1,hypothetical protein,N/A,N/A,N/A,N/A,N/A,N/A,N/A,N/A,N/A,N/A,N/A,N/A,N/A,N/A,,,,,,
B9J08_005563,B9J08_005563-t37_1,hypothetical protein,N/A,N/A,N/A,N/A,N/A,N/A,N/A,N/A,N/A,N/A,N/A,N/A,N/A,N/A,,,,,,
B9J08_005573,B9J08_005573-t37_1,hypothetical protein,N/A,N/A,N/A,N/A,N/A,N/A,N/A,N/A,N/A,N/A,N/A,N/A,N/A,N/A,,,,,,
B9J08_005574,B9J08_005574-t37_1,hypothetical protein,N/A,N/A,N/A,N/A,N/A,N/A,N/A,N/A,N/A,N/A,N/A,N/A,N/A,N/A,,,,,,
B9J08_005575,B9J08_005575-t37_1,hypothetical protein,N/A,N/A,N/A,N/A,N/A,N/A,N/A,N/A,N/A,N/A,N/A,N/A,N/A,N/A,,,,,,
B9J08_005576,B9J08_005576-t37_1,hypothetical protein,N/A,N/A,N/A,N/A,N/A,N/A,N/A,N/A,N/A,N/A,N/A,N/A,N/A,N/A,,,,,,
B9J08_005582,B9J08_005582-t37_1,hypothetical protein,N/A,N/A,N/A,N/A,N/A,N/A,N/A,N/A,N/A,N/A,N/A,N/A,N/A,N/A,,,,,,
B9J08_005583,B9J08_005583-t37_1,hypothetical protein,N/A,N/A,N/A,N/A,N/A,N/A,N/A,N/A,N/A,N/A,N/A,N/A,N/A,N/A,,,,,,
B9J08_005584,B9J08_005584-t37_1,hypothetical protein,N/A,N/A,N/A,N/A,N/A,N/A,N/A,N/A,N/A,N/A,N/A,N/A,N/A,N/A,,,,,,
